Date,Open,High,Low,Close,Volume,Adj Close
2011-08-04,0.13,0.15,0.13,0.13,000,0.13
2011-08-03,0.13,0.16,0.13,0.13,000,0.13
2011-08-02,0.15,0.15,0.15,0.15,40000,0.15
2011-08-01,0.15,0.15,0.15,0.15,712000,0.15
2011-07-29,0.14,0.15,0.14,0.15,90000,0.15
2011-07-28,0.14,0.16,0.14,0.14,000,0.14
2011-07-27,0.14,0.16,0.14,0.14,000,0.14
2011-07-26,0.14,0.16,0.14,0.14,000,0.14
2011-07-25,0.14,0.14,0.14,0.14,50000,0.14
2011-07-22,0.15,0.15,0.15,0.15,20000,0.15
2011-07-21,0.13,0.16,0.13,0.13,000,0.13
2011-07-20,0.13,0.16,0.13,0.13,000,0.13
2011-07-19,0.13,0.16,0.13,0.13,000,0.13
2011-07-18,0.14,0.14,0.14,0.14,30000,0.14
2011-07-15,0.13,0.13,0.13,0.13,2000,0.13
2011-07-14,0.14,0.16,0.14,0.14,000,0.14
2011-07-13,0.15,0.15,0.15,0.15,100000,0.15
2011-07-12,0.16,0.16,0.16,0.16,50000,0.16
2011-07-11,0.16,0.16,0.16,0.16,000,0.16
2011-07-08,0.16,0.16,0.16,0.16,45000,0.16
2011-07-07,0.16,0.16,0.16,0.16,000,0.16
2011-07-06,0.15,0.15,0.15,0.15,10000,0.15
2011-07-05,0.15,0.16,0.15,0.15,000,0.15
2011-07-04,0.16,0.17,0.16,0.16,000,0.16
2011-07-01,0.16,0.16,0.16,0.16,80000,0.16
2011-06-30,0.15,0.16,0.15,0.16,460000,0.16
2011-06-29,0.14,0.16,0.14,0.14,000,0.14
2011-06-28,0.14,0.16,0.14,0.14,000,0.14
2011-06-27,0.15,0.16,0.15,0.15,000,0.15
2011-06-24,0.14,0.16,0.14,0.14,000,0.14
2011-06-23,0.16,0.16,0.16,0.16,20000,0.16
2011-06-22,0.16,0.16,0.16,0.16,30000,0.16
2011-06-21,0.14,0.17,0.14,0.14,000,0.14
2011-06-20,0.14,0.17,0.14,0.14,000,0.14
2011-06-17,0.15,0.17,0.15,0.15,000,0.15
2011-06-16,0.14,0.17,0.14,0.14,000,0.14
2011-06-15,0.15,0.16,0.15,0.15,000,0.15
2011-06-14,0.16,0.16,0.16,0.16,20000,0.16
2011-06-13,0.16,0.17,0.16,0.17,1270000,0.17
2011-06-10,0.16,0.16,0.16,0.16,000,0.16
2011-06-09,0.16,0.16,0.16,0.16,000,0.16
2011-06-08,0.15,0.16,0.15,0.15,000,0.15
2011-06-07,0.16,0.16,0.16,0.16,400000,0.16
2011-06-06,0.15,0.16,0.15,0.15,000,0.15
2011-06-03,0.16,0.16,0.16,0.16,200000,0.16
2011-06-02,0.16,0.16,0.16,0.16,200000,0.16
2011-06-01,0.16,0.16,0.16,0.16,200000,0.16
2011-05-31,0.16,0.16,0.15,0.16,161000,0.16
2011-05-30,0.16,0.17,0.16,0.16,000,0.16
2011-05-27,0.16,0.17,0.16,0.16,000,0.16
2011-05-26,0.16,0.16,0.16,0.16,130000,0.16
2011-05-25,0.16,0.16,0.16,0.16,40000,0.16
2011-05-24,0.16,0.16,0.16,0.16,120000,0.16
2011-05-23,0.15,0.16,0.15,0.15,000,0.15
2011-05-20,0.15,0.15,0.15,0.15,100000,0.15
2011-05-19,0.15,0.16,0.15,0.15,000,0.15
2011-05-18,0.15,0.16,0.15,0.15,000,0.15
2011-05-16,0.16,0.16,0.16,0.16,272000,0.16
2011-05-13,0.15,0.16,0.15,0.15,000,0.15
2011-05-12,0.16,0.16,0.16,0.16,50000,0.16
2011-05-11,0.15,0.16,0.15,0.16,210000,0.16
2011-05-10,0.16,0.18,0.16,0.16,000,0.16
2011-05-09,0.17,0.18,0.17,0.17,000,0.17
2011-05-06,0.16,0.18,0.16,0.16,000,0.16
2011-05-05,0.16,0.16,0.16,0.16,95000,0.16
2011-05-04,0.16,0.17,0.16,0.16,000,0.16
2011-05-03,0.16,0.17,0.16,0.16,000,0.16
2011-04-29,0.17,0.17,0.17,0.17,000,0.17
2011-04-28,0.17,0.17,0.17,0.17,000,0.17
2011-04-27,0.17,0.18,0.17,0.17,000,0.17
2011-04-26,0.17,0.17,0.17,0.17,50000,0.17
2011-04-25,0.17,0.17,0.17,0.17,100000,0.17
2011-04-21,0.17,0.17,0.17,0.17,182000,0.17
2011-04-20,0.17,0.17,0.17,0.17,200000,0.17
2011-04-19,0.17,0.17,0.17,0.17,000,0.17
2011-04-18,0.17,0.17,0.17,0.17,000,0.17
2011-04-15,0.17,0.18,0.17,0.17,000,0.17
2011-04-14,0.17,0.17,0.17,0.17,000,0.17
2011-04-13,0.17,0.17,0.17,0.17,50000,0.17
2011-04-12,0.17,0.17,0.17,0.17,50000,0.17
2011-04-11,0.17,0.18,0.17,0.17,000,0.17
2011-04-08,0.17,0.17,0.17,0.17,130000,0.17
2011-04-07,0.17,0.17,0.17,0.17,30000,0.17
2011-04-06,0.17,0.17,0.17,0.17,70000,0.17
2011-04-05,0.17,0.17,0.17,0.17,000,0.17
2011-04-04,0.17,0.17,0.17,0.17,000,0.17
2011-04-01,0.17,0.17,0.17,0.17,000,0.17
2011-03-31,0.17,0.17,0.17,0.17,000,0.17
2011-03-30,0.17,0.17,0.17,0.17,180000,0.17
2011-03-29,0.17,0.17,0.17,0.17,000,0.17
2011-03-28,0.17,0.17,0.17,0.17,000,0.17
2011-03-25,0.17,0.17,0.17,0.17,45000,0.17
2011-03-24,0.17,0.17,0.17,0.17,30000,0.17
2011-03-23,0.17,0.18,0.17,0.17,000,0.17
2011-03-22,0.17,0.18,0.17,0.17,000,0.17
2011-03-21,0.17,0.18,0.17,0.17,000,0.17
2011-03-18,0.17,0.17,0.17,0.17,39000,0.17
2011-03-17,0.17,0.17,0.17,0.17,10000,0.17
2011-03-16,0.17,0.17,0.17,0.17,73000,0.17
2011-03-15,0.17,0.17,0.17,0.17,198000,0.17
2011-03-14,0.17,0.17,0.17,0.17,100000,0.17
2011-03-11,0.17,0.17,0.17,0.17,000,0.17
2011-03-10,0.17,0.17,0.17,0.17,000,0.17
2011-03-09,0.17,0.17,0.17,0.17,170000,0.17
2011-03-08,0.17,0.17,0.17,0.17,297000,0.17
2011-03-07,0.17,0.17,0.17,0.17,150000,0.17
2011-03-04,0.17,0.18,0.17,0.18,240000,0.18
2011-03-03,0.17,0.17,0.17,0.17,200000,0.17
2011-03-02,0.17,0.17,0.17,0.17,30000,0.17
2011-03-01,0.17,0.17,0.17,0.17,200000,0.17
2011-02-28,0.17,0.17,0.17,0.17,176000,0.17
2011-02-25,0.17,0.17,0.17,0.17,327000,0.17
2011-02-24,0.17,0.17,0.17,0.17,357000,0.17
2011-02-23,0.17,0.17,0.16,0.17,1463000,0.17
2011-02-22,0.18,0.18,0.18,0.18,393000,0.18
2011-02-21,0.19,0.19,0.19,0.19,123000,0.19
2011-02-18,0.19,0.19,0.19,0.19,132000,0.19
2011-02-17,0.19,0.19,0.19,0.19,130000,0.19
2011-02-16,0.19,0.19,0.19,0.19,000,0.19
2011-02-15,0.19,0.19,0.19,0.19,250000,0.19
2011-02-14,0.19,0.19,0.19,0.19,000,0.19
2011-02-11,0.19,0.19,0.19,0.19,550000,0.19
2011-02-10,0.19,0.19,0.19,0.19,480000,0.19
2011-02-09,0.19,0.19,0.19,0.19,21000,0.19
2011-02-08,0.19,0.19,0.19,0.19,142000,0.19
2011-02-07,0.19,0.19,0.19,0.19,000,0.19
2011-02-02,0.19,0.19,0.19,0.19,000,0.19
2011-02-01,0.19,0.19,0.19,0.19,20000,0.19
2011-01-31,0.19,0.19,0.19,0.19,000,0.19
2011-01-28,0.19,0.19,0.19,0.19,362000,0.19
2011-01-27,0.19,0.19,0.19,0.19,343000,0.19
2011-01-26,0.19,0.19,0.19,0.19,148000,0.19
2011-01-25,0.19,0.19,0.19,0.19,201000,0.19
2011-01-24,0.19,0.19,0.19,0.19,532000,0.19
2011-01-21,0.19,0.19,0.19,0.19,80000,0.19
2011-01-20,0.19,0.19,0.19,0.19,72000,0.19
2011-01-19,0.19,0.19,0.19,0.19,140000,0.19
2011-01-18,0.19,0.19,0.19,0.19,28000,0.19
2011-01-17,0.19,0.19,0.19,0.19,292000,0.19
2011-01-14,0.19,0.19,0.19,0.19,729000,0.19
2011-01-13,0.19,0.19,0.19,0.19,80000,0.19
2011-01-12,0.19,0.20,0.19,0.20,1224000,0.20
2011-01-11,0.19,0.19,0.19,0.19,340000,0.19
2011-01-10,0.19,0.19,0.19,0.19,145000,0.19
2011-01-07,0.20,0.21,0.19,0.19,8512000,0.19
2011-01-06,0.19,0.20,0.19,0.20,1370000,0.20
2011-01-05,0.19,0.19,0.19,0.19,684000,0.19
2011-01-04,0.19,0.19,0.19,0.19,230000,0.19
2011-01-03,0.19,0.19,0.19,0.19,115000,0.19
2010-12-31,0.19,0.19,0.19,0.19,70000,0.19
2010-12-30,0.19,0.19,0.19,0.19,379000,0.19
2010-12-29,0.19,0.19,0.19,0.19,2889000,0.19
2010-12-28,0.19,0.19,0.18,0.19,354000,0.19
2010-12-27,0.19,0.19,0.18,0.19,211000,0.19
2010-12-24,0.18,0.19,0.18,0.18,000,0.18
2010-12-23,0.19,0.19,0.19,0.19,200000,0.19
2010-12-22,0.19,0.19,0.19,0.19,300000,0.19
2010-12-21,0.19,0.19,0.19,0.19,409000,0.19
2010-12-20,0.19,0.19,0.18,0.18,255000,0.18
2010-12-17,0.19,0.19,0.19,0.19,210000,0.19
2010-12-16,0.19,0.19,0.19,0.19,370000,0.19
2010-12-15,0.18,0.19,0.18,0.18,202000,0.18
2010-12-14,0.18,0.18,0.18,0.18,340000,0.18
2010-12-13,0.18,0.18,0.17,0.17,330000,0.17
2010-12-10,0.18,0.18,0.18,0.18,50000,0.18
2010-12-09,0.18,0.18,0.18,0.18,20000,0.18
2010-12-08,0.18,0.19,0.18,0.19,13000,0.19
2010-12-07,0.18,0.19,0.18,0.19,61000,0.19
2010-12-06,0.18,0.18,0.18,0.18,60000,0.18
2010-12-03,0.18,0.18,0.18,0.18,10000,0.18
2010-12-02,0.18,0.19,0.18,0.18,000,0.18
2010-12-01,0.17,0.19,0.17,0.17,000,0.17
2010-11-30,0.19,0.19,0.18,0.18,1292000,0.18
2010-11-29,0.19,0.19,0.19,0.19,983000,0.19
2010-11-26,0.19,0.19,0.19,0.19,70000,0.19
2010-11-25,0.19,0.19,0.19,0.19,123000,0.19
2010-11-24,0.19,0.19,0.19,0.19,322000,0.19
2010-11-23,0.19,0.19,0.19,0.19,1089000,0.19
2010-11-22,0.19,0.19,0.19,0.19,20000,0.19
2010-11-19,0.19,0.19,0.19,0.19,730000,0.19
2010-11-18,0.19,0.19,0.19,0.19,100000,0.19
2010-11-16,0.19,0.19,0.19,0.19,230000,0.19
2010-11-15,0.19,0.19,0.18,0.19,743000,0.19
2010-11-12,0.19,0.19,0.19,0.19,1402000,0.19
2010-11-11,0.18,0.19,0.18,0.18,000,0.18
2010-11-10,0.18,0.18,0.17,0.17,55000,0.17
2010-11-09,0.17,0.19,0.17,0.17,000,0.17
2010-11-08,0.18,0.18,0.18,0.18,77000,0.18
2010-11-04,0.18,0.18,0.18,0.18,22000,0.18
2010-11-03,0.18,0.18,0.18,0.18,70000,0.18
2010-11-02,0.18,0.19,0.18,0.18,000,0.18
2010-11-01,0.17,0.19,0.17,0.17,000,0.17
2010-10-29,0.18,0.19,0.18,0.19,254000,0.19
2010-10-28,0.18,0.18,0.18,0.18,16000,0.18
2010-10-27,0.19,0.19,0.18,0.18,397000,0.18
2010-10-26,0.19,0.19,0.19,0.19,204000,0.19
2010-10-25,0.19,0.19,0.19,0.19,230000,0.19
2010-10-22,0.19,0.19,0.19,0.19,113000,0.19
2010-10-21,0.19,0.19,0.19,0.19,45000,0.19
2010-10-20,0.19,0.19,0.19,0.19,270000,0.19
2010-10-19,0.19,0.19,0.19,0.19,470000,0.19
2010-10-18,0.19,0.19,0.19,0.19,80000,0.19
2010-10-15,0.19,0.19,0.19,0.19,155000,0.19
2010-10-14,0.19,0.19,0.19,0.19,280000,0.19
2010-10-13,0.19,0.19,0.19,0.19,000,0.19
2010-10-12,0.18,0.19,0.18,0.18,000,0.18
2010-10-11,0.19,0.19,0.19,0.19,200000,0.19
2010-10-08,0.19,0.19,0.19,0.19,42000,0.19
2010-10-07,0.19,0.19,0.19,0.19,65000,0.19
2010-10-06,0.19,0.19,0.19,0.19,118000,0.19
2010-10-05,0.19,0.19,0.19,0.19,55000,0.19
2010-10-04,0.19,0.19,0.19,0.19,130000,0.19
2010-10-01,0.19,0.19,0.19,0.19,205000,0.19
2010-09-30,0.19,0.19,0.19,0.19,165000,0.19
2010-09-29,0.19,0.19,0.19,0.19,520000,0.19
2010-09-28,0.19,0.19,0.19,0.19,320000,0.19
2010-09-27,0.20,0.20,0.19,0.19,423000,0.19
2010-09-24,0.20,0.20,0.20,0.20,25000,0.20
2010-09-23,0.20,0.20,0.20,0.20,1022000,0.20
2010-09-22,0.20,0.20,0.20,0.20,2575000,0.20
2010-09-21,0.20,0.20,0.20,0.20,503000,0.20
2010-09-20,0.19,0.19,0.19,0.19,120000,0.19
2010-09-17,0.20,0.20,0.20,0.20,815000,0.20
2010-09-16,0.20,0.20,0.19,0.20,1255000,0.20
2010-09-15,0.19,0.20,0.19,0.20,2291000,0.20
2010-09-14,0.19,0.19,0.19,0.19,160000,0.19
2010-09-13,0.19,0.19,0.19,0.19,318000,0.19
2010-09-09,0.19,0.19,0.19,0.19,200000,0.19
2010-09-08,0.19,0.19,0.19,0.19,559000,0.19
2010-09-07,0.20,0.20,0.19,0.19,4311000,0.19
2010-09-06,0.19,0.21,0.19,0.20,9295000,0.20
2010-09-03,0.19,0.19,0.19,0.19,959000,0.19
2010-09-02,0.19,0.19,0.19,0.19,100000,0.19
2010-09-01,0.18,0.19,0.18,0.18,000,0.18
2010-08-31,0.18,0.18,0.18,0.18,130000,0.18
2010-08-30,0.19,0.19,0.19,0.19,50000,0.19
2010-08-27,0.19,0.19,0.19,0.19,86000,0.19
2010-08-26,0.19,0.19,0.19,0.19,000,0.19
2010-08-25,0.19,0.19,0.19,0.19,000,0.19
2010-08-24,0.19,0.20,0.19,0.19,4006000,0.19
2010-08-23,0.18,0.19,0.18,0.18,000,0.18
2010-08-20,0.19,0.19,0.19,0.19,767000,0.19
2010-08-19,0.19,0.19,0.19,0.19,181000,0.19
2010-08-18,0.19,0.19,0.18,0.18,220000,0.18
2010-08-17,0.19,0.19,0.18,0.18,558000,0.18
2010-08-16,0.19,0.19,0.18,0.18,1384000,0.18
2010-08-13,0.19,0.19,0.19,0.19,192000,0.19
2010-08-12,0.19,0.19,0.19,0.19,260000,0.19
2010-08-11,0.18,0.19,0.18,0.18,423000,0.18
2010-08-10,0.19,0.19,0.19,0.19,514000,0.19
2010-08-06,0.19,0.19,0.19,0.19,1315000,0.19
2010-08-05,0.19,0.19,0.19,0.19,283000,0.19
2010-08-04,0.19,0.19,0.19,0.19,965000,0.19
2010-08-03,0.19,0.19,0.19,0.19,1390000,0.19
2010-08-02,0.18,0.18,0.18,0.18,330000,0.18
2010-07-30,0.18,0.18,0.18,0.18,440000,0.18
2010-07-29,0.18,0.18,0.18,0.18,50000,0.18
2010-07-28,0.19,0.19,0.18,0.18,180000,0.18
2010-07-27,0.18,0.18,0.18,0.18,745000,0.18
2010-07-26,0.18,0.18,0.18,0.18,1255000,0.18
2010-07-23,0.19,0.19,0.18,0.18,2076000,0.18
2010-07-22,0.19,0.19,0.19,0.19,282000,0.19
2010-07-21,0.19,0.19,0.19,0.19,948000,0.19
2010-07-20,0.19,0.19,0.19,0.19,1420000,0.19
2010-07-19,0.19,0.19,0.19,0.19,1363000,0.19
2010-07-16,0.17,0.20,0.17,0.19,7381000,0.19
2010-07-15,0.17,0.17,0.17,0.17,40000,0.17
2010-07-14,0.17,0.17,0.17,0.17,680000,0.17
2010-07-13,0.17,0.17,0.17,0.17,630000,0.17
2010-07-12,0.17,0.17,0.17,0.17,620000,0.17
2010-07-09,0.17,0.17,0.16,0.17,462000,0.17
2010-07-08,0.17,0.17,0.16,0.16,129000,0.16
2010-07-07,0.16,0.16,0.16,0.16,77000,0.16
2010-07-06,0.16,0.16,0.16,0.16,100000,0.16
2010-07-05,0.15,0.16,0.15,0.15,000,0.15
2010-07-02,0.16,0.16,0.16,0.16,171000,0.16
2010-07-01,0.16,0.16,0.16,0.16,153000,0.16
2010-06-30,0.16,0.16,0.16,0.16,265000,0.16
2010-06-29,0.16,0.16,0.16,0.16,407000,0.16
2010-06-28,0.16,0.16,0.16,0.16,170000,0.16
2010-06-25,0.16,0.17,0.16,0.16,000,0.16
2010-06-24,0.16,0.16,0.16,0.16,364000,0.16
2010-06-23,0.16,0.16,0.16,0.16,200000,0.16
2010-06-22,0.16,0.16,0.16,0.16,195000,0.16
2010-06-21,0.16,0.16,0.16,0.16,460000,0.16
2010-06-18,0.16,0.16,0.16,0.16,149000,0.16
2010-06-17,0.15,0.15,0.15,0.15,100000,0.15
2010-06-16,0.15,0.16,0.15,0.16,180000,0.16
2010-06-15,0.14,0.16,0.14,0.14,000,0.14
2010-06-14,0.14,0.16,0.14,0.14,000,0.14
2010-06-11,0.14,0.16,0.14,0.14,000,0.14
2010-06-10,0.14,0.16,0.14,0.14,000,0.14
2010-06-09,0.16,0.16,0.14,0.14,63000,0.14
2010-06-08,0.14,0.16,0.14,0.14,000,0.14
2010-06-07,0.14,0.17,0.14,0.14,000,0.14
2010-06-04,0.14,0.14,0.14,0.14,30000,0.14
2010-06-03,0.15,0.15,0.15,0.15,200000,0.15
2010-06-02,0.14,0.14,0.14,0.14,49000,0.14
2010-06-01,0.14,0.14,0.14,0.14,134000,0.14
2010-05-31,0.14,0.14,0.14,0.14,20000,0.14
2010-05-27,0.14,0.14,0.14,0.14,15000,0.14
2010-05-26,0.14,0.14,0.14,0.14,17000,0.14
2010-05-25,0.14,0.15,0.14,0.15,220000,0.15
2010-05-24,0.15,0.16,0.15,0.16,740000,0.16
2010-05-21,0.15,0.16,0.15,0.16,571000,0.16
2010-05-20,0.16,0.16,0.16,0.16,100000,0.16
2010-05-19,0.16,0.16,0.16,0.16,000,0.16
2010-05-18,0.16,0.17,0.16,0.16,000,0.16
2010-05-17,0.16,0.16,0.16,0.16,326000,0.16
2010-05-14,0.16,0.16,0.16,0.16,1000,0.16
2010-05-13,0.16,0.16,0.16,0.16,000,0.16
2010-05-12,0.16,0.17,0.16,0.16,000,0.16
2010-05-11,0.17,0.17,0.16,0.16,661000,0.16
2010-05-10,0.17,0.17,0.17,0.17,100000,0.17
2010-05-07,0.17,0.17,0.17,0.17,383000,0.17
2010-05-06,0.17,0.17,0.17,0.17,310000,0.17
2010-05-05,0.17,0.17,0.17,0.17,1151000,0.17
2010-05-04,0.17,0.17,0.17,0.17,1510000,0.17
2010-05-03,0.17,0.17,0.17,0.17,150000,0.17
2010-04-30,0.17,0.18,0.17,0.18,302000,0.18
2010-04-29,0.17,0.17,0.17,0.17,150000,0.17
2010-04-28,0.17,0.17,0.17,0.17,1335000,0.17
2010-04-27,0.17,0.17,0.17,0.17,174000,0.17
2010-04-26,0.17,0.17,0.17,0.17,430000,0.17
2010-04-23,0.17,0.18,0.17,0.18,316000,0.18
2010-04-22,0.17,0.17,0.17,0.17,325000,0.17
2010-04-21,0.17,0.17,0.17,0.17,92000,0.17
2010-04-20,0.17,0.17,0.17,0.17,25000,0.17
2010-04-19,0.17,0.17,0.17,0.17,675000,0.17
2010-04-16,0.17,0.17,0.17,0.17,585000,0.17
2010-04-15,0.17,0.17,0.17,0.17,548000,0.17
2010-04-14,0.17,0.17,0.17,0.17,639000,0.17
2010-04-13,0.17,0.17,0.17,0.17,254000,0.17
2010-04-12,0.17,0.17,0.17,0.17,391000,0.17
2010-04-09,0.17,0.17,0.17,0.17,686000,0.17
2010-04-08,0.17,0.17,0.17,0.17,200000,0.17
2010-04-07,0.17,0.17,0.17,0.17,365000,0.17
2010-04-06,0.17,0.17,0.17,0.17,989000,0.17
2010-04-05,0.17,0.17,0.17,0.17,751000,0.17
2010-04-01,0.17,0.17,0.17,0.17,100000,0.17
2010-03-31,0.17,0.17,0.17,0.17,24000,0.17
2010-03-30,0.17,0.17,0.17,0.17,35000,0.17
2010-03-29,0.18,0.18,0.17,0.17,523000,0.17
2010-03-26,0.18,0.18,0.17,0.18,3495000,0.18
2010-03-25,0.17,0.17,0.17,0.17,921000,0.17
2010-03-24,0.17,0.17,0.17,0.17,50000,0.17
2010-03-23,0.17,0.17,0.16,0.17,40000,0.17
2010-03-22,0.17,0.17,0.17,0.17,000,0.17
2010-03-19,0.17,0.17,0.17,0.17,103000,0.17
2010-03-18,0.17,0.17,0.17,0.17,140000,0.17
2010-03-17,0.17,0.17,0.17,0.17,860000,0.17
2010-03-16,0.17,0.17,0.17,0.17,266000,0.17
2010-03-15,0.17,0.17,0.17,0.17,310000,0.17
2010-03-12,0.17,0.17,0.17,0.17,150000,0.17
2010-03-11,0.17,0.17,0.17,0.17,000,0.17
2010-03-10,0.17,0.17,0.17,0.17,37000,0.17
2010-03-09,0.17,0.17,0.17,0.17,100000,0.17
2010-03-08,0.17,0.17,0.17,0.17,175000,0.17
2010-03-05,0.17,0.17,0.17,0.17,200000,0.17
2010-03-04,0.17,0.17,0.17,0.17,294000,0.17
2010-03-03,0.17,0.17,0.17,0.17,350000,0.17
2010-03-02,0.17,0.17,0.17,0.17,60000,0.17
2010-03-01,0.17,0.17,0.17,0.17,697000,0.17
2010-02-26,0.17,0.17,0.17,0.17,215000,0.17
2010-02-25,0.17,0.17,0.17,0.17,90000,0.17
2010-02-24,0.17,0.17,0.17,0.17,000,0.17
2010-02-23,0.17,0.17,0.17,0.17,160000,0.17
2010-02-22,0.17,0.17,0.17,0.17,100000,0.17
2010-02-19,0.17,0.17,0.17,0.17,250000,0.17
2010-02-18,0.17,0.17,0.17,0.17,544000,0.17
2010-02-17,0.17,0.17,0.17,0.17,682000,0.17
2010-02-12,0.17,0.17,0.17,0.17,2150000,0.17
2010-02-11,0.16,0.16,0.16,0.16,170000,0.16
2010-02-10,0.15,0.16,0.15,0.15,000,0.15
2010-02-09,0.16,0.16,0.16,0.16,300000,0.16
2010-02-08,0.15,0.16,0.15,0.16,108000,0.16
2010-02-05,0.15,0.16,0.15,0.16,150000,0.16
2010-02-04,0.16,0.16,0.16,0.16,000,0.16
2010-02-03,0.16,0.16,0.16,0.16,450000,0.16
2010-02-02,0.16,0.16,0.16,0.16,160000,0.16
2010-02-01,0.16,0.16,0.16,0.16,123000,0.16
2010-01-29,0.16,0.16,0.16,0.16,579000,0.16
2010-01-28,0.16,0.16,0.16,0.16,159000,0.16
2010-01-27,0.16,0.16,0.16,0.16,308000,0.16
2010-01-26,0.17,0.17,0.16,0.16,1140000,0.16
2010-01-25,0.16,0.17,0.16,0.17,256000,0.17
2010-01-22,0.17,0.17,0.16,0.17,4920000,0.17
2010-01-21,0.17,0.17,0.17,0.17,500000,0.17
2010-01-20,0.17,0.17,0.17,0.17,163000,0.17
2010-01-19,0.17,0.17,0.17,0.17,490000,0.17
2010-01-18,0.17,0.17,0.17,0.17,24000,0.17
2010-01-15,0.17,0.17,0.17,0.17,229000,0.17
2010-01-14,0.17,0.17,0.17,0.17,153000,0.17
2010-01-13,0.17,0.17,0.17,0.17,131000,0.17
2010-01-12,0.17,0.17,0.17,0.17,2298000,0.17
2010-01-11,0.17,0.17,0.17,0.17,610000,0.17
2010-01-08,0.17,0.17,0.17,0.17,91000,0.17
2010-01-07,0.17,0.17,0.17,0.17,665000,0.17
2010-01-06,0.17,0.17,0.17,0.17,1060000,0.17
2010-01-05,0.17,0.17,0.17,0.17,877000,0.17
2010-01-04,0.17,0.17,0.17,0.17,844000,0.17
2009-12-31,0.17,0.17,0.17,0.17,38000,0.17
2009-12-30,0.17,0.17,0.17,0.17,60000,0.17
2009-12-29,0.17,0.17,0.17,0.17,330000,0.17
2009-12-28,0.17,0.18,0.17,0.17,4211000,0.17
2009-12-24,0.17,0.17,0.17,0.17,650000,0.17
2009-12-23,0.17,0.17,0.17,0.17,787000,0.17
2009-12-22,0.17,0.17,0.17,0.17,800000,0.17
2009-12-21,0.17,0.17,0.17,0.17,1315000,0.17
2009-12-18,0.17,0.17,0.17,0.17,375000,0.17
2009-12-17,0.17,0.17,0.17,0.17,1012000,0.17
2009-12-16,0.17,0.18,0.17,0.17,9531000,0.17
2009-12-15,0.17,0.17,0.17,0.17,101000,0.17
2009-12-14,0.17,0.17,0.17,0.17,120000,0.17
2009-12-11,0.17,0.17,0.17,0.17,224000,0.17
2009-12-10,0.17,0.17,0.17,0.17,585000,0.17
2009-12-09,0.17,0.17,0.17,0.17,1964000,0.17
2009-12-08,0.16,0.16,0.16,0.16,1064000,0.16
2009-12-07,0.16,0.16,0.16,0.16,232000,0.16
2009-12-04,0.16,0.16,0.16,0.16,355000,0.16
2009-12-03,0.16,0.16,0.16,0.16,616000,0.16
2009-12-02,0.16,0.17,0.16,0.17,1903000,0.17
2009-12-01,0.15,0.15,0.15,0.15,162000,0.15
2009-11-30,0.15,0.16,0.15,0.16,296000,0.16
2009-11-26,0.16,0.16,0.16,0.16,260000,0.16
2009-11-25,0.16,0.16,0.16,0.16,100000,0.16
2009-11-24,0.16,0.16,0.16,0.16,1235000,0.16
2009-11-23,0.16,0.16,0.16,0.16,260000,0.16
2009-11-20,0.16,0.16,0.15,0.16,1139000,0.16
2009-11-19,0.15,0.16,0.15,0.16,400000,0.16
2009-11-18,0.16,0.16,0.15,0.15,115000,0.15
2009-11-17,0.16,0.16,0.16,0.16,26000,0.16
2009-11-16,0.16,0.16,0.16,0.16,690000,0.16
2009-11-13,0.15,0.16,0.15,0.16,51000,0.16
2009-11-12,0.15,0.15,0.15,0.15,750000,0.15
2009-11-11,0.15,0.15,0.15,0.15,170000,0.15
2009-11-10,0.16,0.16,0.15,0.15,733000,0.15
2009-11-09,0.15,0.15,0.15,0.15,70000,0.15
2009-11-06,0.15,0.15,0.15,0.15,360000,0.15
2009-11-05,0.15,0.15,0.15,0.15,55000,0.15
2009-11-04,0.15,0.16,0.15,0.16,272000,0.16
2009-11-03,0.16,0.16,0.15,0.15,432000,0.15
2009-11-02,0.16,0.16,0.16,0.16,1717000,0.16
2009-10-30,0.16,0.16,0.16,0.16,328000,0.16
2009-10-29,0.14,0.16,0.14,0.16,1660000,0.16
2009-10-28,0.14,0.15,0.14,0.15,1625000,0.15
2009-10-27,0.15,0.15,0.15,0.15,10000,0.15
2009-10-26,0.15,0.15,0.15,0.15,515000,0.15
2009-10-23,0.15,0.15,0.14,0.14,376000,0.14
2009-10-22,0.15,0.15,0.14,0.14,1588000,0.14
2009-10-21,0.15,0.15,0.15,0.15,1600000,0.15
2009-10-20,0.16,0.16,0.15,0.15,551000,0.15
2009-10-19,0.15,0.16,0.15,0.16,571000,0.16
2009-10-16,0.15,0.15,0.15,0.15,1605000,0.15
2009-10-15,0.15,0.15,0.15,0.15,361000,0.15
2009-10-14,0.14,0.16,0.14,0.16,472000,0.16
2009-10-13,0.15,0.16,0.14,0.14,573000,0.14
2009-10-12,0.14,0.14,0.14,0.14,1593000,0.14
2009-10-09,0.14,0.14,0.14,0.14,30000,0.14
2009-10-08,0.14,0.14,0.14,0.14,308000,0.14
2009-10-07,0.14,0.14,0.14,0.14,781000,0.14
2009-10-06,0.14,0.14,0.14,0.14,52000,0.14
2009-10-05,0.14,0.14,0.13,0.14,452000,0.14
2009-10-02,0.15,0.15,0.14,0.14,1001000,0.14
2009-10-01,0.16,0.16,0.15,0.15,478000,0.15
2009-09-30,0.16,0.16,0.15,0.16,361000,0.16
2009-09-29,0.16,0.16,0.16,0.16,786000,0.16
2009-09-28,0.16,0.16,0.16,0.16,824000,0.16
2009-09-25,0.16,0.16,0.15,0.16,1290000,0.16
2009-09-24,0.17,0.17,0.17,0.17,1533000,0.17
2009-09-23,0.17,0.17,0.16,0.17,1530000,0.17
2009-09-22,0.17,0.17,0.17,0.17,621000,0.17
2009-09-18,0.17,0.17,0.16,0.17,627000,0.17
2009-09-17,0.17,0.17,0.17,0.17,1507000,0.17
2009-09-16,0.17,0.17,0.17,0.17,2744000,0.17
2009-09-15,0.17,0.17,0.16,0.17,4994000,0.17
2009-09-14,0.16,0.17,0.16,0.16,2815000,0.16
2009-09-11,0.16,0.16,0.16,0.16,1410000,0.16
2009-09-10,0.16,0.16,0.16,0.16,935000,0.16
2009-09-09,0.16,0.16,0.16,0.16,2157000,0.16
2009-09-08,0.16,0.16,0.16,0.16,1775000,0.16
2009-09-07,0.16,0.16,0.16,0.16,1011000,0.16
2009-09-04,0.16,0.16,0.16,0.16,755000,0.16
2009-09-03,0.16,0.17,0.16,0.16,4208000,0.16
2009-09-02,0.16,0.16,0.15,0.16,778000,0.16
2009-09-01,0.15,0.17,0.15,0.16,12170000,0.16
2009-08-31,0.14,0.15,0.13,0.15,2474000,0.15
2009-08-28,0.14,0.14,0.14,0.14,305000,0.14
2009-08-27,0.13,0.14,0.13,0.14,866000,0.14
2009-08-26,0.13,0.13,0.13,0.13,294000,0.13
2009-08-25,0.13,0.14,0.13,0.13,692000,0.13
2009-08-24,0.13,0.13,0.12,0.13,278000,0.13
2009-08-21,0.13,0.13,0.12,0.13,440000,0.13
2009-08-20,0.12,0.12,0.12,0.12,132000,0.12
2009-08-19,0.12,0.12,0.12,0.12,1262000,0.12
2009-08-18,0.11,0.12,0.11,0.12,357000,0.12
2009-08-17,0.12,0.12,0.12,0.12,550000,0.12
2009-08-14,0.12,0.12,0.12,0.12,525000,0.12
2009-08-13,0.12,0.13,0.12,0.12,244000,0.12
2009-08-12,0.13,0.14,0.13,0.13,656000,0.13
2009-08-11,0.12,0.14,0.12,0.13,534000,0.13
2009-08-07,0.14,0.16,0.13,0.13,7214000,0.13
2009-08-06,0.11,0.14,0.11,0.14,1750000,0.14
2009-08-05,0.10,0.12,0.10,0.10,000,0.10
2009-08-04,0.12,0.12,0.11,0.12,570000,0.12
2009-08-03,0.11,0.11,0.11,0.11,386000,0.11
2009-07-31,0.11,0.11,0.10,0.10,522000,0.10
2009-07-30,0.10,0.12,0.10,0.12,322000,0.12
2009-07-29,0.12,0.12,0.11,0.12,480000,0.12
2009-07-28,0.12,0.12,0.11,0.12,1272000,0.12
2009-07-27,0.11,0.12,0.11,0.12,485000,0.12
2009-07-24,0.12,0.12,0.10,0.10,4624000,0.10
2009-07-23,0.09,0.12,0.09,0.12,1570000,0.12
2009-07-22,0.09,0.10,0.09,0.09,1338000,0.09
2009-07-21,0.09,0.09,0.09,0.09,300000,0.09
2009-07-20,0.09,0.09,0.09,0.09,250000,0.09
2009-07-17,0.08,0.09,0.08,0.09,440000,0.09
2009-07-16,0.08,0.08,0.08,0.08,394000,0.08
2009-07-15,0.08,0.08,0.08,0.08,235000,0.08
2009-07-14,0.07,0.08,0.07,0.07,000,0.07
2009-07-13,0.07,0.08,0.07,0.07,000,0.07
2009-07-10,0.08,0.08,0.08,0.08,245000,0.08
2009-07-09,0.07,0.08,0.07,0.07,000,0.07
2009-07-08,0.08,0.08,0.08,0.08,50000,0.08
2009-07-07,0.08,0.08,0.08,0.08,550000,0.08
2009-07-06,0.08,0.08,0.08,0.08,000,0.08
2009-07-03,0.08,0.09,0.08,0.08,000,0.08
2009-07-02,0.08,0.08,0.08,0.08,60000,0.08
2009-07-01,0.08,0.08,0.08,0.08,170000,0.08
2009-06-30,0.08,0.09,0.08,0.09,352000,0.09
2009-06-29,0.08,0.09,0.08,0.08,000,0.08
2009-06-26,0.09,0.09,0.09,0.09,630000,0.09
2009-06-25,0.09,0.09,0.08,0.09,1083000,0.09
2009-06-24,0.08,0.09,0.08,0.09,684000,0.09
2009-06-23,0.08,0.08,0.07,0.08,1050000,0.08
2009-06-22,0.08,0.08,0.08,0.08,767000,0.08
2009-06-19,0.07,0.08,0.07,0.08,1400000,0.08
2009-06-18,0.06,0.07,0.06,0.06,000,0.06
2009-06-17,0.06,0.07,0.06,0.06,000,0.06
2009-06-16,0.06,0.06,0.06,0.06,338000,0.06
2009-06-15,0.07,0.07,0.07,0.07,338000,0.07
2009-06-12,0.07,0.07,0.07,0.07,314000,0.07
2009-06-11,0.08,0.08,0.08,0.08,220000,0.08
2009-06-10,0.08,0.08,0.08,0.08,86000,0.08
2009-06-09,0.07,0.08,0.07,0.08,221000,0.08
2009-06-08,0.08,0.08,0.07,0.07,250000,0.07
2009-06-05,0.08,0.08,0.07,0.08,891000,0.08
2009-06-04,0.07,0.08,0.07,0.08,1008000,0.08
2009-06-03,0.07,0.07,0.07,0.07,1002000,0.07
2009-06-02,0.08,0.08,0.06,0.06,720000,0.06
2009-06-01,0.07,0.08,0.07,0.07,379000,0.07
2009-05-29,0.06,0.07,0.06,0.07,1108000,0.07
2009-05-28,0.06,0.06,0.06,0.06,10000,0.06
2009-05-27,0.06,0.06,0.06,0.06,120000,0.06
2009-05-26,0.06,0.06,0.06,0.06,92000,0.06
2009-05-25,0.06,0.06,0.06,0.06,338000,0.06
2009-05-22,0.06,0.06,0.06,0.06,10000,0.06
2009-05-21,0.06,0.06,0.06,0.06,190000,0.06
2009-05-20,0.06,0.06,0.06,0.06,230000,0.06
2009-05-19,0.06,0.06,0.05,0.05,285000,0.05
2009-05-18,0.05,0.06,0.05,0.05,000,0.05
2009-05-15,0.06,0.06,0.06,0.06,449000,0.06
2009-05-14,0.05,0.06,0.05,0.05,000,0.05
2009-05-13,0.06,0.06,0.06,0.06,000,0.06
2009-05-12,0.05,0.06,0.05,0.06,102000,0.06
2009-05-11,0.07,0.07,0.06,0.06,170000,0.06
2009-05-08,0.05,0.06,0.05,0.06,1957000,0.06
2009-05-07,0.05,0.06,0.05,0.06,1100000,0.06
2009-05-06,0.05,0.06,0.05,0.05,700000,0.05
2009-05-05,0.05,0.05,0.05,0.05,000,0.05
2009-05-04,0.05,0.05,0.05,0.05,189000,0.05
2009-04-30,0.05,0.05,0.05,0.05,000,0.05
2009-04-29,0.05,0.05,0.05,0.05,60000,0.05
2009-04-28,0.05,0.05,0.05,0.05,89000,0.05
2009-04-27,0.04,0.05,0.04,0.04,000,0.04
2009-04-24,0.05,0.05,0.05,0.05,000,0.05
2009-04-23,0.05,0.05,0.05,0.05,100000,0.05
2009-04-22,0.05,0.05,0.05,0.05,269000,0.05
2009-04-21,0.05,0.05,0.05,0.05,50000,0.05
2009-04-20,0.05,0.05,0.05,0.05,000,0.05
2009-04-17,0.05,0.05,0.05,0.05,250000,0.05
2009-04-16,0.05,0.05,0.05,0.05,922000,0.05
2009-04-15,0.05,0.05,0.05,0.05,920000,0.05
2009-04-14,0.05,0.05,0.05,0.05,1290000,0.05
2009-04-13,0.05,0.05,0.05,0.05,100000,0.05
2009-04-09,0.04,0.05,0.04,0.05,500000,0.05
2009-04-08,0.04,0.05,0.04,0.04,2150000,0.04
2009-04-07,0.04,0.05,0.04,0.04,000,0.04
2009-04-06,0.04,0.05,0.04,0.04,000,0.04
2009-04-03,0.04,0.05,0.04,0.05,229000,0.05
2009-04-02,0.04,0.05,0.04,0.04,000,0.04
2009-04-01,0.04,0.05,0.04,0.04,000,0.04
2009-03-31,0.04,0.04,0.04,0.04,60000,0.04
2009-03-30,0.04,0.04,0.04,0.04,000,0.04
2009-03-27,0.04,0.04,0.04,0.04,50000,0.04
2009-03-26,0.04,0.04,0.04,0.04,470000,0.04
2009-03-25,0.04,0.04,0.04,0.04,80000,0.04
2009-03-24,0.04,0.04,0.04,0.04,330000,0.04
2009-03-23,0.03,0.04,0.03,0.03,000,0.03
2009-03-20,0.04,0.04,0.04,0.04,000,0.04
2009-03-19,0.03,0.04,0.03,0.04,300000,0.04
2009-03-18,0.03,0.04,0.03,0.03,000,0.03
2009-03-17,0.03,0.04,0.03,0.03,000,0.03
2009-03-16,0.03,0.04,0.03,0.03,000,0.03
2009-03-13,0.03,0.04,0.03,0.03,000,0.03
2009-03-12,0.03,0.04,0.03,0.03,000,0.03
2009-03-11,0.03,0.04,0.03,0.03,000,0.03
2009-03-10,0.03,0.04,0.03,0.03,000,0.03
2009-03-09,0.03,0.04,0.03,0.03,000,0.03
2009-03-06,0.03,0.04,0.03,0.03,000,0.03
2009-03-05,0.03,0.04,0.03,0.03,000,0.03
2009-03-04,0.03,0.05,0.03,0.03,000,0.03
2009-03-03,0.03,0.04,0.03,0.03,000,0.03
2009-03-02,0.03,0.04,0.03,0.03,000,0.03
2009-02-27,0.03,0.05,0.03,0.03,000,0.03
2009-02-26,0.03,0.05,0.03,0.03,000,0.03
2009-02-25,0.03,0.05,0.03,0.03,000,0.03
2009-02-24,0.03,0.05,0.03,0.03,000,0.03
2009-02-23,0.03,0.04,0.03,0.03,000,0.03
2009-02-20,0.03,0.04,0.03,0.03,000,0.03
2009-02-19,0.03,0.05,0.03,0.03,000,0.03
2009-02-18,0.03,0.05,0.03,0.03,000,0.03
2009-02-17,0.03,0.05,0.03,0.03,000,0.03
2009-02-16,0.03,0.03,0.03,0.03,000,0.03
2009-02-13,0.03,0.04,0.03,0.03,000,0.03
2009-02-12,0.03,0.04,0.03,0.03,000,0.03
2009-02-11,0.04,0.04,0.04,0.04,164000,0.04
2009-02-10,0.04,0.04,0.04,0.04,50000,0.04
2009-02-09,0.04,0.04,0.04,0.04,50000,0.04
2009-02-06,0.04,0.04,0.04,0.04,000,0.04
2009-02-05,0.03,0.04,0.03,0.03,000,0.03
2009-02-04,0.03,0.04,0.03,0.03,000,0.03
2009-02-03,0.04,0.04,0.04,0.04,31000,0.04
2009-02-02,0.04,0.04,0.04,0.04,9000,0.04
2009-01-30,0.03,0.04,0.03,0.03,000,0.03
2009-01-29,0.04,0.04,0.04,0.04,000,0.04
2009-01-28,0.03,0.04,0.03,0.03,000,0.03
2009-01-23,0.03,0.04,0.03,0.04,31000,0.04
2009-01-22,0.03,0.04,0.03,0.04,130000,0.04
2009-01-21,0.03,0.04,0.03,0.03,000,0.03
2009-01-20,0.03,0.04,0.03,0.03,000,0.03
2009-01-19,0.04,0.04,0.04,0.04,50000,0.04
2009-01-16,0.04,0.04,0.04,0.04,350000,0.04
2009-01-15,0.03,0.04,0.03,0.03,000,0.03
2009-01-14,0.03,0.04,0.03,0.03,000,0.03
2009-01-13,0.04,0.04,0.04,0.04,140000,0.04
2009-01-12,0.03,0.04,0.03,0.03,000,0.03
2009-01-09,0.04,0.04,0.04,0.04,600000,0.04
2009-01-08,0.03,0.05,0.03,0.03,000,0.03
2009-01-07,0.04,0.04,0.04,0.04,105000,0.04
2009-01-06,0.04,0.05,0.04,0.04,000,0.04
2009-01-05,0.04,0.05,0.04,0.04,000,0.04
2009-01-02,0.03,0.04,0.03,0.03,000,0.03
2008-12-31,0.03,0.06,0.03,0.03,000,0.03
2008-12-30,0.04,0.04,0.04,0.04,100000,0.04
2008-12-29,0.03,0.04,0.03,0.04,350000,0.04
2008-12-26,0.03,0.05,0.03,0.03,000,0.03
2008-12-24,0.04,0.04,0.04,0.04,000,0.04
2008-12-23,0.03,0.05,0.03,0.03,000,0.03
2008-12-22,0.03,0.04,0.03,0.03,000,0.03
2008-12-19,0.04,0.04,0.04,0.04,105000,0.04
2008-12-18,0.03,0.04,0.03,0.03,000,0.03
2008-12-17,0.04,0.04,0.04,0.04,000,0.04
2008-12-16,0.03,0.04,0.03,0.03,000,0.03
2008-12-15,0.04,0.04,0.04,0.04,000,0.04
2008-12-12,0.03,0.04,0.03,0.03,000,0.03
2008-12-11,0.03,0.04,0.03,0.03,000,0.03
2008-12-10,0.03,0.04,0.03,0.03,000,0.03
2008-12-09,0.04,0.04,0.04,0.04,120000,0.04
2008-12-05,0.04,0.04,0.04,0.04,300000,0.04
2008-12-04,0.03,0.04,0.03,0.03,000,0.03
2008-12-03,0.03,0.04,0.03,0.03,000,0.03
2008-12-02,0.04,0.04,0.03,0.03,557000,0.03
2008-12-01,0.03,0.03,0.03,0.03,300000,0.03
2008-11-28,0.03,0.04,0.03,0.03,000,0.03
2008-11-27,0.04,0.04,0.04,0.04,000,0.04
2008-11-26,0.04,0.04,0.04,0.04,298000,0.04
2008-11-25,0.04,0.04,0.04,0.04,000,0.04
2008-11-24,0.04,0.04,0.04,0.04,30000,0.04
2008-11-21,0.03,0.04,0.03,0.03,000,0.03
2008-11-20,0.04,0.04,0.04,0.04,95000,0.04
2008-11-19,0.03,0.03,0.03,0.03,95000,0.03
2008-11-18,0.03,0.05,0.03,0.03,000,0.03
2008-11-17,0.03,0.05,0.03,0.03,000,0.03
2008-11-14,0.03,0.05,0.03,0.03,000,0.03
2008-11-13,0.04,0.04,0.04,0.04,000,0.04
2008-11-12,0.04,0.04,0.04,0.04,000,0.04
2008-11-11,0.04,0.04,0.04,0.04,50000,0.04
2008-11-10,0.04,0.04,0.04,0.04,50000,0.04
2008-11-07,0.04,0.05,0.04,0.04,000,0.04
2008-11-06,0.04,0.08,0.04,0.04,000,0.04
2008-11-05,0.04,0.06,0.04,0.04,000,0.04
2008-11-04,0.04,0.04,0.04,0.04,265000,0.04
2008-11-03,0.04,0.04,0.04,0.04,320000,0.04
2008-10-31,0.04,0.04,0.04,0.04,140000,0.04
2008-10-30,0.04,0.04,0.04,0.04,156000,0.04
2008-10-29,0.03,0.04,0.03,0.04,12000,0.04
2008-10-28,0.04,0.04,0.04,0.04,000,0.04
2008-10-24,0.04,0.04,0.04,0.04,108000,0.04
2008-10-23,0.04,0.05,0.04,0.05,236000,0.05
2008-10-22,0.04,0.05,0.04,0.05,86000,0.05
2008-10-21,0.04,0.05,0.04,0.04,000,0.04
2008-10-20,0.03,0.04,0.03,0.04,156000,0.04
2008-10-17,0.04,0.04,0.04,0.04,44000,0.04
2008-10-16,0.04,0.05,0.04,0.05,275000,0.05
2008-10-15,0.05,0.05,0.05,0.05,61000,0.05
2008-10-14,0.05,0.05,0.05,0.05,140000,0.05
2008-10-13,0.04,0.05,0.04,0.05,57000,0.05
2008-10-10,0.05,0.05,0.05,0.05,151000,0.05
2008-10-09,0.05,0.05,0.05,0.05,1000,0.05
2008-10-08,0.05,0.05,0.05,0.05,88000,0.05
2008-10-07,0.04,0.05,0.04,0.05,40000,0.05
2008-10-06,0.05,0.05,0.05,0.05,2000,0.05
2008-10-03,0.04,0.05,0.04,0.04,000,0.04
2008-10-02,0.04,0.05,0.04,0.04,000,0.04
2008-09-30,0.04,0.05,0.04,0.05,42000,0.05
2008-09-29,0.05,0.05,0.05,0.05,000,0.05
2008-09-26,0.05,0.05,0.05,0.05,40000,0.05
2008-09-25,0.05,0.05,0.05,0.05,000,0.05
2008-09-24,0.05,0.05,0.05,0.05,24000,0.05
2008-09-23,0.05,0.05,0.05,0.05,000,0.05
2008-09-22,0.05,0.05,0.05,0.05,26000,0.05
2008-09-19,0.05,0.05,0.05,0.05,000,0.05
2008-09-18,0.05,0.05,0.04,0.05,101000,0.05
2008-09-17,0.05,0.05,0.05,0.05,57000,0.05
2008-09-16,0.04,0.05,0.04,0.05,141000,0.05
2008-09-15,0.05,0.05,0.05,0.05,21000,0.05
2008-09-12,0.05,0.05,0.05,0.05,000,0.05
2008-09-11,0.05,0.05,0.05,0.05,190000,0.05
2008-09-10,0.05,0.05,0.05,0.05,85000,0.05
2008-09-09,0.05,0.05,0.05,0.05,60000,0.05
2008-09-08,0.05,0.05,0.05,0.05,117000,0.05
2008-09-05,0.05,0.05,0.05,0.05,263000,0.05
2008-09-04,0.05,0.05,0.05,0.05,340000,0.05
2008-09-03,0.05,0.05,0.05,0.05,700000,0.05
2008-09-02,0.05,0.06,0.05,0.05,000,0.05
2008-09-01,0.06,0.06,0.06,0.06,100000,0.06
2008-08-29,0.05,0.06,0.05,0.05,173000,0.05
2008-08-28,0.05,0.06,0.05,0.06,20000,0.06
2008-08-27,0.05,0.05,0.05,0.05,61000,0.05
2008-08-26,0.05,0.06,0.05,0.05,38000,0.05
2008-08-25,0.06,0.06,0.05,0.05,502000,0.05
2008-08-22,0.06,0.06,0.06,0.06,220000,0.06
2008-08-21,0.06,0.06,0.06,0.06,51000,0.06
2008-08-20,0.06,0.06,0.06,0.06,656000,0.06
2008-08-19,0.06,0.07,0.06,0.07,4000,0.07
2008-08-18,0.06,0.07,0.06,0.07,76000,0.07
2008-08-15,0.07,0.07,0.07,0.07,1000,0.07
2008-08-14,0.07,0.08,0.07,0.08,252000,0.08
2008-08-13,0.06,0.06,0.06,0.06,130000,0.06
2008-08-12,0.06,0.07,0.06,0.07,150000,0.07
2008-08-11,0.06,0.06,0.06,0.06,52000,0.06
2008-08-08,0.06,0.07,0.06,0.07,502000,0.07
2008-08-07,0.06,0.07,0.06,0.06,000,0.06
2008-08-06,0.06,0.07,0.06,0.06,000,0.06
2008-08-05,0.07,0.07,0.07,0.07,1000,0.07
2008-08-04,0.06,0.07,0.06,0.06,000,0.06
2008-08-01,0.06,0.07,0.06,0.06,000,0.06
2008-07-31,0.06,0.07,0.06,0.06,000,0.06
2008-07-30,0.06,0.07,0.06,0.07,402000,0.07
2008-07-29,0.07,0.07,0.07,0.07,50000,0.07
2008-07-28,0.06,0.06,0.06,0.06,30000,0.06
2008-07-25,0.06,0.06,0.06,0.06,150000,0.06
2008-07-24,0.06,0.06,0.06,0.06,150000,0.06
2008-07-23,0.06,0.07,0.06,0.06,3141000,0.06
2008-07-22,0.06,0.06,0.06,0.06,100000,0.06
2008-07-21,0.06,0.06,0.05,0.06,4000,0.06
2008-07-18,0.06,0.06,0.05,0.06,1425000,0.06
2008-07-17,0.06,0.06,0.06,0.06,330000,0.06
2008-07-16,0.06,0.07,0.06,0.07,402000,0.07
2008-07-15,0.06,0.08,0.06,0.08,122000,0.08
2008-07-14,0.06,0.06,0.06,0.06,200000,0.06
2008-07-11,0.06,0.07,0.06,0.07,376000,0.07
2008-07-10,0.06,0.07,0.06,0.06,000,0.06
2008-07-09,0.06,0.07,0.06,0.06,000,0.06
2008-07-08,0.06,0.06,0.06,0.06,000,0.06
2008-07-07,0.06,0.07,0.06,0.07,302000,0.07
2008-07-04,0.06,0.07,0.06,0.07,501000,0.07
2008-07-03,0.06,0.07,0.06,0.07,60000,0.07
2008-07-02,0.07,0.07,0.07,0.07,100000,0.07
2008-07-01,0.07,0.08,0.07,0.08,15000,0.08
2008-06-30,0.07,0.07,0.07,0.07,10000,0.07
2008-06-27,0.07,0.08,0.07,0.07,000,0.07
2008-06-26,0.08,0.08,0.08,0.08,20000,0.08
2008-06-25,0.07,0.08,0.07,0.07,000,0.07
2008-06-24,0.08,0.08,0.08,0.08,2000,0.08
2008-06-23,0.07,0.08,0.07,0.07,000,0.07
2008-06-20,0.07,0.08,0.07,0.07,000,0.07
2008-06-19,0.07,0.08,0.07,0.07,000,0.07
2008-06-18,0.08,0.08,0.08,0.08,20000,0.08
2008-06-17,0.07,0.08,0.07,0.07,000,0.07
2008-06-16,0.07,0.08,0.07,0.07,000,0.07
2008-06-13,0.07,0.08,0.07,0.07,000,0.07
2008-06-12,0.07,0.08,0.07,0.07,000,0.07
2008-06-11,0.08,0.08,0.08,0.08,75000,0.08
2008-06-10,0.07,0.08,0.07,0.07,000,0.07
2008-06-06,0.07,0.08,0.07,0.07,000,0.07
2008-06-05,0.07,0.08,0.07,0.07,000,0.07
2008-06-04,0.07,0.08,0.07,0.07,000,0.07
2008-06-03,0.07,0.08,0.07,0.07,000,0.07
2008-06-02,0.08,0.08,0.08,0.08,100000,0.08
2008-05-30,0.07,0.08,0.07,0.07,000,0.07
2008-05-29,0.08,0.08,0.08,0.08,151000,0.08
2008-05-28,0.07,0.08,0.07,0.07,000,0.07
2008-05-27,0.08,0.08,0.08,0.08,10000,0.08
2008-05-26,0.07,0.08,0.07,0.07,000,0.07
2008-05-23,0.08,0.08,0.08,0.08,10000,0.08
2008-05-22,0.08,0.08,0.08,0.08,10000,0.08
2008-05-21,0.08,0.08,0.08,0.08,394000,0.08
2008-05-20,0.08,0.08,0.07,0.08,406000,0.08
2008-05-16,0.07,0.07,0.07,0.07,5000,0.07
2008-05-15,0.08,0.08,0.08,0.08,80000,0.08
2008-05-14,0.08,0.08,0.08,0.08,100000,0.08
2008-05-13,0.07,0.08,0.07,0.08,449000,0.08
2008-05-12,0.07,0.08,0.07,0.07,862000,0.07
2008-05-09,0.08,0.08,0.07,0.07,71000,0.07
2008-05-08,0.08,0.08,0.08,0.08,100000,0.08
2008-05-07,0.08,0.08,0.08,0.08,000,0.08
2008-05-06,0.08,0.08,0.08,0.08,500000,0.08
2008-05-05,0.08,0.08,0.08,0.08,100000,0.08
2008-05-02,0.08,0.08,0.08,0.08,50000,0.08
2008-04-30,0.08,0.08,0.08,0.08,30000,0.08
2008-04-29,0.08,0.08,0.08,0.08,1564000,0.08
2008-04-28,0.09,0.09,0.08,0.08,105000,0.08
2008-04-25,0.08,0.09,0.08,0.08,000,0.08
2008-04-24,0.08,0.09,0.08,0.08,954000,0.08
2008-04-23,0.08,0.08,0.08,0.08,183000,0.08
2008-04-22,0.08,0.08,0.08,0.08,100000,0.08
2008-04-21,0.08,0.08,0.08,0.08,850000,0.08
2008-04-18,0.08,0.08,0.08,0.08,1245000,0.08
2008-04-17,0.08,0.09,0.08,0.08,000,0.08
2008-04-16,0.08,0.08,0.08,0.08,190000,0.08
2008-04-15,0.09,0.09,0.08,0.09,74000,0.09
2008-04-14,0.09,0.09,0.09,0.09,20000,0.09
2008-04-11,0.08,0.08,0.08,0.08,60000,0.08
2008-04-10,0.08,0.08,0.08,0.08,210000,0.08
2008-04-09,0.08,0.09,0.08,0.09,510000,0.09
2008-04-08,0.08,0.09,0.08,0.08,1200000,0.08
2008-04-07,0.08,0.08,0.08,0.08,000,0.08
2008-04-04,0.08,0.08,0.08,0.08,1190000,0.08
2008-04-03,0.08,0.08,0.08,0.08,450000,0.08
2008-04-02,0.07,0.08,0.07,0.07,000,0.07
2008-04-01,0.07,0.08,0.07,0.07,000,0.07
2008-03-31,0.08,0.08,0.08,0.08,000,0.08
2008-03-28,0.08,0.08,0.08,0.08,35000,0.08
2008-03-27,0.07,0.08,0.07,0.07,000,0.07
2008-03-26,0.07,0.08,0.07,0.07,000,0.07
2008-03-25,0.08,0.08,0.08,0.08,255000,0.08
2008-03-20,0.06,0.08,0.06,0.06,000,0.06
2008-03-19,0.07,0.08,0.07,0.08,181000,0.08
2008-03-18,0.06,0.07,0.06,0.07,109000,0.07
2008-03-14,0.06,0.07,0.06,0.06,000,0.06
2008-03-13,0.07,0.07,0.07,0.07,338000,0.07
2008-03-12,0.07,0.07,0.07,0.07,660000,0.07
2008-03-11,0.07,0.07,0.07,0.07,1300000,0.07
2008-03-10,0.08,0.08,0.07,0.07,506000,0.07
2008-03-07,0.08,0.08,0.08,0.08,000,0.08
2008-03-06,0.08,0.08,0.08,0.08,100000,0.08
2008-03-05,0.07,0.08,0.07,0.07,000,0.07
2008-03-04,0.08,0.08,0.08,0.08,350000,0.08
2008-03-03,0.08,0.08,0.08,0.08,100000,0.08
2008-02-29,0.08,0.08,0.08,0.08,520000,0.08
2008-02-28,0.08,0.09,0.08,0.08,000,0.08
2008-02-27,0.08,0.08,0.08,0.08,70000,0.08
2008-02-26,0.08,0.08,0.08,0.08,355000,0.08
2008-02-25,0.08,0.09,0.08,0.08,195000,0.08
2008-02-22,0.08,0.09,0.08,0.08,97000,0.08
2008-02-21,0.08,0.08,0.08,0.08,100000,0.08
2008-02-20,0.09,0.09,0.08,0.08,507000,0.08
2008-02-19,0.08,0.09,0.08,0.09,1332000,0.09
2008-02-18,0.08,0.08,0.08,0.08,1000,0.08
2008-02-15,0.08,0.08,0.08,0.08,255000,0.08
2008-02-14,0.08,0.08,0.08,0.08,000,0.08
2008-02-13,0.08,0.08,0.08,0.08,530000,0.08
2008-02-12,0.08,0.08,0.08,0.08,300000,0.08
2008-02-11,0.08,0.08,0.08,0.08,270000,0.08
2008-02-06,0.08,0.08,0.08,0.08,1451000,0.08
2008-02-05,0.08,0.08,0.08,0.08,80000,0.08
2008-02-04,0.08,0.08,0.08,0.08,1000000,0.08
2008-02-01,0.07,0.08,0.07,0.08,305000,0.08
2008-01-31,0.07,0.08,0.07,0.08,351000,0.08
2008-01-30,0.08,0.08,0.07,0.07,150000,0.07
2008-01-29,0.08,0.08,0.07,0.07,31000,0.07
2008-01-28,0.08,0.08,0.07,0.07,217000,0.07
2008-01-25,0.08,0.08,0.08,0.08,356000,0.08
2008-01-24,0.08,0.08,0.08,0.08,1348000,0.08
2008-01-23,0.08,0.08,0.07,0.08,2320000,0.08
2008-01-22,0.08,0.08,0.06,0.07,1649000,0.07
2008-01-21,0.09,0.09,0.08,0.09,2331000,0.09
2008-01-18,0.09,0.09,0.08,0.09,722000,0.09
2008-01-17,0.09,0.09,0.09,0.09,562000,0.09
2008-01-16,0.09,0.09,0.09,0.09,256000,0.09
2008-01-15,0.10,0.10,0.10,0.10,271000,0.10
2008-01-14,0.10,0.10,0.10,0.10,313000,0.10
2008-01-11,0.10,0.11,0.10,0.11,105000,0.11
2008-01-10,0.11,0.12,0.10,0.10,130000,0.10
2008-01-09,0.11,0.12,0.11,0.11,111000,0.11
2008-01-08,0.12,0.12,0.12,0.12,1000,0.12
2008-01-07,0.11,0.11,0.11,0.11,190000,0.11
2008-01-04,0.12,0.12,0.12,0.12,20000,0.12
2008-01-03,0.12,0.12,0.12,0.12,000,0.12
2008-01-02,0.12,0.12,0.12,0.12,000,0.12
2007-12-31,0.12,0.12,0.12,0.12,65000,0.12
2007-12-28,0.12,0.12,0.12,0.12,70000,0.12
2007-12-27,0.12,0.12,0.12,0.12,125000,0.12
2007-12-26,0.11,0.12,0.11,0.12,520000,0.12
2007-12-24,0.12,0.12,0.11,0.11,180000,0.11
2007-12-21,0.12,0.12,0.11,0.11,265000,0.11
2007-12-19,0.11,0.12,0.11,0.11,309000,0.11
2007-12-18,0.11,0.12,0.11,0.11,000,0.11
2007-12-17,0.11,0.12,0.10,0.12,900000,0.12
2007-12-14,0.10,0.11,0.10,0.11,1166000,0.11
2007-12-13,0.11,0.11,0.11,0.11,2400000,0.11
2007-12-12,0.11,0.11,0.11,0.11,2125000,0.11
2007-12-11,0.12,0.12,0.12,0.12,510000,0.12
2007-12-10,0.12,0.12,0.11,0.12,285000,0.12
2007-12-07,0.12,0.12,0.11,0.12,390000,0.12
2007-12-06,0.11,0.11,0.11,0.11,1232000,0.11
2007-12-05,0.10,0.11,0.10,0.11,4102000,0.11
2007-12-04,0.10,0.11,0.10,0.11,21000,0.11
2007-12-03,0.10,0.10,0.10,0.10,200000,0.10
2007-11-30,0.10,0.11,0.10,0.11,105000,0.11
2007-11-29,0.11,0.11,0.11,0.11,1000,0.11
2007-11-28,0.11,0.11,0.10,0.10,318000,0.10
2007-11-27,0.10,0.11,0.10,0.10,000,0.10
2007-11-26,0.10,0.12,0.10,0.11,375000,0.11
2007-11-23,0.11,0.11,0.10,0.11,141000,0.11
2007-11-22,0.11,0.11,0.10,0.11,436000,0.11
2007-11-21,0.12,0.12,0.11,0.11,105000,0.11
2007-11-20,0.12,0.12,0.12,0.12,500000,0.12
2007-11-19,0.12,0.12,0.12,0.12,000,0.12
2007-11-16,0.12,0.12,0.12,0.12,280000,0.12
2007-11-15,0.12,0.12,0.12,0.12,1108000,0.12
2007-11-14,0.12,0.13,0.12,0.13,208000,0.13
2007-11-13,0.12,0.12,0.12,0.12,000,0.12
2007-11-12,0.12,0.12,0.12,0.12,131000,0.12
2007-11-09,0.13,0.13,0.13,0.13,110000,0.13
2007-11-07,0.13,0.13,0.13,0.13,466000,0.13
2007-11-06,0.13,0.13,0.13,0.13,260000,0.13
2007-11-05,0.13,0.13,0.13,0.13,200000,0.13
2007-11-02,0.13,0.14,0.13,0.14,96000,0.14
2007-11-01,0.14,0.14,0.13,0.14,338000,0.14
2007-10-31,0.14,0.14,0.14,0.14,000,0.14
2007-10-30,0.14,0.14,0.14,0.14,80000,0.14
2007-10-29,0.14,0.14,0.13,0.14,72000,0.14
2007-10-26,0.14,0.14,0.14,0.14,140000,0.14
2007-10-25,0.14,0.14,0.14,0.14,80000,0.14
2007-10-24,0.14,0.14,0.14,0.14,40000,0.14
2007-10-23,0.14,0.14,0.14,0.14,1000,0.14
2007-10-22,0.14,0.14,0.14,0.14,50000,0.14
2007-10-19,0.14,0.14,0.14,0.14,131000,0.14
2007-10-18,0.14,0.14,0.14,0.14,104000,0.14
2007-10-17,0.14,0.14,0.14,0.14,35000,0.14
2007-10-16,0.14,0.14,0.14,0.14,200000,0.14
2007-10-15,0.14,0.14,0.14,0.14,245000,0.14
2007-10-12,0.14,0.14,0.14,0.14,360000,0.14
2007-10-11,0.14,0.14,0.14,0.14,157000,0.14
2007-10-10,0.14,0.14,0.14,0.14,496000,0.14
2007-10-09,0.14,0.14,0.14,0.14,390000,0.14
2007-10-08,0.14,0.14,0.14,0.14,837000,0.14
2007-10-05,0.14,0.14,0.14,0.14,226000,0.14
2007-10-04,0.14,0.14,0.14,0.14,251000,0.14
2007-10-03,0.15,0.15,0.14,0.14,966000,0.14
2007-10-02,0.16,0.16,0.15,0.15,2247000,0.15
2007-10-01,0.14,0.16,0.14,0.16,4581000,0.16
2007-09-28,0.14,0.14,0.14,0.14,784000,0.14
2007-09-27,0.14,0.14,0.14,0.14,2700000,0.14
2007-09-26,0.13,0.13,0.13,0.13,1613000,0.13
2007-09-25,0.14,0.14,0.13,0.13,155000,0.13
2007-09-24,0.12,0.13,0.12,0.13,2066000,0.13
2007-09-21,0.13,0.13,0.13,0.13,1172000,0.13
2007-09-20,0.14,0.14,0.14,0.14,402000,0.14
2007-09-19,0.14,0.14,0.14,0.14,230000,0.14
2007-09-18,0.14,0.14,0.14,0.14,68000,0.14
2007-09-17,0.14,0.14,0.14,0.14,95000,0.14
2007-09-14,0.14,0.14,0.14,0.14,80000,0.14
2007-09-13,0.14,0.14,0.14,0.14,317000,0.14
2007-09-12,0.14,0.14,0.14,0.14,492000,0.14
2007-09-11,0.14,0.14,0.14,0.14,230000,0.14
2007-09-10,0.14,0.14,0.14,0.14,220000,0.14
2007-09-07,0.15,0.15,0.14,0.14,483000,0.14
2007-09-06,0.13,0.15,0.13,0.15,438000,0.15
2007-09-05,0.13,0.13,0.13,0.13,445000,0.13
2007-09-04,0.13,0.13,0.13,0.13,610000,0.13
2007-09-03,0.13,0.13,0.12,0.12,75000,0.12
2007-08-31,0.13,0.13,0.13,0.13,311000,0.13
2007-08-30,0.12,0.14,0.12,0.14,1043000,0.14
2007-08-29,0.12,0.12,0.12,0.12,35000,0.12
2007-08-28,0.12,0.12,0.12,0.12,30000,0.12
2007-08-27,0.12,0.13,0.12,0.13,436000,0.13
2007-08-24,0.12,0.12,0.12,0.12,180000,0.12
2007-08-23,0.13,0.13,0.12,0.12,526000,0.12
2007-08-22,0.12,0.12,0.12,0.12,106000,0.12
2007-08-21,0.12,0.13,0.12,0.13,809000,0.13
2007-08-20,0.13,0.13,0.12,0.12,482000,0.12
2007-08-17,0.13,0.13,0.11,0.12,400000,0.12
2007-08-16,0.14,0.14,0.13,0.13,406000,0.13
2007-08-15,0.14,0.14,0.14,0.14,54000,0.14
2007-08-14,0.16,0.16,0.16,0.16,857000,0.16
2007-08-10,0.16,0.16,0.15,0.16,720000,0.16
2007-08-08,0.16,0.16,0.16,0.16,581000,0.16
2007-08-07,0.16,0.17,0.16,0.16,811000,0.16
2007-08-06,0.16,0.16,0.15,0.16,296000,0.16
2007-08-03,0.17,0.17,0.17,0.17,477000,0.17
2007-08-02,0.17,0.17,0.17,0.17,1043000,0.17
2007-08-01,0.18,0.18,0.16,0.17,1379000,0.17
2007-07-31,0.19,0.19,0.17,0.19,1595000,0.19
2007-07-30,0.19,0.19,0.19,0.19,617000,0.19
2007-07-27,0.19,0.19,0.17,0.19,3158000,0.19
2007-07-26,0.19,0.19,0.19,0.19,1625000,0.19
2007-07-25,0.19,0.19,0.19,0.19,1129000,0.19
2007-07-24,0.20,0.20,0.18,0.19,2531000,0.19
2007-07-23,0.19,0.20,0.19,0.20,1184000,0.20
2007-07-20,0.19,0.20,0.19,0.19,1290000,0.19
2007-07-19,0.19,0.20,0.19,0.19,1640000,0.19
2007-07-18,0.22,0.22,0.19,0.19,4515000,0.19
2007-07-17,0.21,0.22,0.20,0.22,3808000,0.22
2007-07-16,0.20,0.22,0.20,0.21,7542000,0.21
2007-07-13,0.20,0.21,0.20,0.20,3253000,0.20
2007-07-12,0.20,0.20,0.19,0.19,1316000,0.19
2007-07-11,0.19,0.20,0.19,0.20,788000,0.20
2007-07-10,0.21,0.21,0.20,0.20,1371000,0.20
2007-07-09,0.22,0.22,0.21,0.21,4641000,0.21
2007-07-06,0.20,0.22,0.20,0.21,9590000,0.21
2007-07-05,0.19,0.21,0.19,0.20,5975000,0.20
2007-07-04,0.19,0.19,0.19,0.19,1347000,0.19
2007-07-03,0.19,0.19,0.19,0.19,1520000,0.19
2007-07-02,0.19,0.19,0.19,0.19,1362000,0.19
2007-06-29,0.19,0.19,0.19,0.19,2056000,0.19
2007-06-28,0.18,0.19,0.18,0.19,524000,0.19
2007-06-27,0.18,0.18,0.17,0.18,2469000,0.18
2007-06-26,0.19,0.19,0.18,0.18,1047000,0.18
2007-06-25,0.19,0.19,0.19,0.19,750000,0.19
2007-06-22,0.20,0.20,0.19,0.19,957000,0.19
2007-06-21,0.20,0.20,0.19,0.19,1062000,0.19
2007-06-20,0.19,0.20,0.19,0.20,7170000,0.20
2007-06-19,0.18,0.19,0.18,0.19,3272000,0.19
2007-06-18,0.19,0.19,0.17,0.17,934000,0.17
2007-06-15,0.17,0.18,0.17,0.17,2054000,0.17
2007-06-14,0.17,0.17,0.17,0.17,1059000,0.17
2007-06-13,0.17,0.17,0.17,0.17,173000,0.17
2007-06-12,0.17,0.17,0.17,0.17,1618000,0.17
2007-06-11,0.17,0.17,0.17,0.17,1055000,0.17
2007-06-08,0.17,0.17,0.16,0.17,484000,0.17
2007-06-07,0.17,0.17,0.17,0.17,2231000,0.17
2007-06-06,0.16,0.17,0.16,0.17,1180000,0.17
2007-06-05,0.17,0.17,0.16,0.16,410000,0.16
2007-06-04,0.17,0.17,0.17,0.17,400000,0.17
2007-06-01,0.17,0.17,0.16,0.17,770000,0.17
2007-05-31,0.17,0.17,0.17,0.17,000,0.17
2007-05-30,0.17,0.17,0.16,0.17,1310000,0.17
2007-05-29,0.17,0.17,0.17,0.17,1336000,0.17
2007-05-28,0.16,0.18,0.16,0.17,4298000,0.17
2007-05-25,0.16,0.16,0.16,0.16,2088000,0.16
2007-05-24,0.17,0.17,0.16,0.16,2314000,0.16
2007-05-23,0.16,0.17,0.16,0.17,4263000,0.17
2007-05-22,0.14,0.16,0.14,0.16,9938000,0.16
2007-05-21,0.14,0.14,0.14,0.14,1330000,0.14
2007-05-18,0.14,0.14,0.13,0.14,717000,0.14
2007-05-17,0.13,0.14,0.13,0.14,2942000,0.14
2007-05-16,0.12,0.12,0.12,0.12,825000,0.12
2007-05-15,0.12,0.12,0.12,0.12,1975000,0.12
2007-05-14,0.12,0.12,0.12,0.12,1230000,0.12
2007-05-11,0.12,0.12,0.11,0.12,2004000,0.12
2007-05-10,0.12,0.13,0.12,0.12,1080000,0.12
2007-05-09,0.12,0.12,0.12,0.12,1190000,0.12
2007-05-08,0.13,0.13,0.12,0.12,2452000,0.12
2007-05-07,0.13,0.13,0.13,0.13,1567000,0.13
2007-05-04,0.14,0.14,0.13,0.13,1138000,0.13
2007-05-03,0.14,0.14,0.14,0.14,1796000,0.14
2007-05-02,0.14,0.14,0.14,0.14,1865000,0.14
2007-05-01,0.14,0.14,0.14,0.14,000,0.14
2007-04-30,0.14,0.15,0.14,0.14,3507000,0.14
2007-04-27,0.15,0.15,0.14,0.14,5517000,0.14
2007-04-26,0.13,0.15,0.13,0.15,11432000,0.15
2007-04-25,0.13,0.13,0.12,0.12,1094000,0.12
2007-04-24,0.12,0.13,0.12,0.13,3274000,0.13
2007-04-23,0.13,0.14,0.12,0.12,3954000,0.12
2007-04-20,0.12,0.13,0.12,0.12,5071000,0.12
2007-04-19,0.12,0.12,0.12,0.12,2763000,0.12
2007-04-18,0.11,0.13,0.11,0.13,9066000,0.13
2007-04-17,0.11,0.11,0.11,0.11,835000,0.11
2007-04-16,0.11,0.12,0.11,0.11,3067000,0.11
2007-04-13,0.10,0.10,0.10,0.10,229000,0.10
2007-04-12,0.10,0.10,0.10,0.10,304000,0.10
2007-04-11,0.10,0.10,0.10,0.10,1025000,0.10
2007-04-10,0.10,0.10,0.10,0.10,1796000,0.10
2007-04-09,0.10,0.10,0.10,0.10,210000,0.10
2007-04-06,0.10,0.10,0.10,0.10,000,0.10
2007-04-05,0.10,0.10,0.10,0.10,120000,0.10
2007-04-04,0.10,0.10,0.10,0.10,552000,0.10
2007-04-03,0.10,0.10,0.10,0.10,1315000,0.10
2007-04-02,0.10,0.10,0.09,0.09,210000,0.09
2007-03-30,0.10,0.10,0.10,0.10,613000,0.10
2007-03-29,0.10,0.10,0.10,0.10,45000,0.10
2007-03-28,0.10,0.10,0.09,0.10,131000,0.10
2007-03-27,0.09,0.10,0.09,0.09,463000,0.09
2007-03-26,0.09,0.09,0.09,0.09,200000,0.09
2007-03-23,0.09,0.09,0.09,0.09,90000,0.09
2007-03-22,0.10,0.10,0.09,0.09,440000,0.09
2007-03-21,0.09,0.10,0.09,0.09,950000,0.09
2007-03-20,0.10,0.10,0.09,0.09,186000,0.09
2007-03-19,0.10,0.10,0.09,0.09,4497000,0.09
2007-03-16,0.09,0.10,0.09,0.10,742000,0.10
2007-03-15,0.09,0.09,0.09,0.09,000,0.09
2007-03-14,0.09,0.09,0.09,0.09,82000,0.09
2007-03-13,0.09,0.09,0.09,0.09,255000,0.09
2007-03-12,0.09,0.09,0.09,0.09,161000,0.09
2007-03-09,0.09,0.09,0.09,0.09,30000,0.09
2007-03-08,0.09,0.09,0.09,0.09,350000,0.09
2007-03-07,0.09,0.09,0.09,0.09,316000,0.09
2007-03-06,0.09,0.09,0.09,0.09,353000,0.09
2007-03-05,0.09,0.09,0.09,0.09,993000,0.09
2007-03-02,0.09,0.09,0.09,0.09,1703000,0.09
2007-03-01,0.10,0.10,0.09,0.10,1207000,0.10
2007-02-28,0.10,0.10,0.09,0.10,1542000,0.10
2007-02-27,0.11,0.11,0.10,0.10,2629000,0.10
2007-02-26,0.10,0.12,0.10,0.11,2479000,0.11
2007-02-23,0.10,0.10,0.10,0.10,900000,0.10
2007-02-22,0.10,0.11,0.10,0.11,1311000,0.11
2007-02-21,0.10,0.10,0.10,0.10,1270000,0.10
2007-02-20,0.10,0.10,0.10,0.10,000,0.10
2007-02-19,0.10,0.10,0.10,0.10,000,0.10
2007-02-16,0.10,0.10,0.10,0.10,1303000,0.10
2007-02-15,0.10,0.10,0.10,0.10,343000,0.10
2007-02-14,0.10,0.10,0.10,0.10,1220000,0.10
2007-02-13,0.11,0.11,0.10,0.10,312000,0.10
2007-02-12,0.12,0.12,0.11,0.12,2741000,0.12
2007-02-09,0.10,0.12,0.10,0.11,16636000,0.11
2007-02-08,0.10,0.10,0.09,0.09,931000,0.09
2007-02-07,0.09,0.09,0.09,0.09,125000,0.09
2007-02-06,0.09,0.09,0.09,0.09,356000,0.09
2007-02-05,0.09,0.09,0.09,0.09,287000,0.09
2007-02-02,0.09,0.09,0.09,0.09,90000,0.09
2007-02-01,0.09,0.09,0.09,0.09,340000,0.09
2007-01-31,0.09,0.10,0.09,0.10,573000,0.10
2007-01-30,0.09,0.09,0.09,0.09,100000,0.09
2007-01-29,0.09,0.09,0.09,0.09,346000,0.09
2007-01-26,0.09,0.09,0.09,0.09,650000,0.09
2007-01-25,0.09,0.10,0.09,0.09,877000,0.09
2007-01-24,0.10,0.10,0.09,0.09,2448000,0.09
2007-01-23,0.10,0.10,0.10,0.10,1820000,0.10
2007-01-22,0.10,0.10,0.10,0.10,3017000,0.10
2007-01-19,0.10,0.10,0.10,0.10,549000,0.10
2007-01-18,0.10,0.10,0.10,0.10,2016000,0.10
2007-01-17,0.09,0.11,0.09,0.11,7589000,0.11
2007-01-16,0.10,0.10,0.09,0.09,930000,0.09
2007-01-15,0.09,0.10,0.09,0.09,1346000,0.09
2007-01-12,0.09,0.10,0.09,0.09,1151000,0.09
2007-01-11,0.09,0.09,0.09,0.09,370000,0.09
2007-01-10,0.09,0.09,0.09,0.09,526000,0.09
2007-01-09,0.09,0.09,0.09,0.09,280000,0.09
2007-01-08,0.09,0.10,0.09,0.09,1175000,0.09
2007-01-05,0.09,0.09,0.09,0.09,195000,0.09
2007-01-04,0.09,0.09,0.09,0.09,1395000,0.09
2007-01-03,0.08,0.09,0.08,0.09,1648000,0.09
2007-01-02,0.09,0.09,0.09,0.09,000,0.09
2007-01-01,0.09,0.09,0.09,0.09,000,0.09
2006-12-29,0.09,0.09,0.09,0.09,157000,0.09
2006-12-28,0.09,0.09,0.09,0.09,2000,0.09
2006-12-27,0.09,0.09,0.08,0.09,605000,0.09
2006-12-26,0.09,0.09,0.09,0.09,791000,0.09
2006-12-25,0.09,0.09,0.09,0.09,000,0.09
2006-12-22,0.09,0.09,0.09,0.09,102000,0.09
2006-12-21,0.09,0.09,0.09,0.09,170000,0.09
2006-12-20,0.09,0.09,0.09,0.09,260000,0.09
2006-12-19,0.09,0.09,0.09,0.09,70000,0.09
2006-12-18,0.09,0.09,0.09,0.09,000,0.09
2006-12-15,0.09,0.09,0.09,0.09,371000,0.09
2006-12-14,0.09,0.09,0.09,0.09,310000,0.09
2006-12-13,0.09,0.09,0.09,0.09,562000,0.09
2006-12-12,0.09,0.09,0.09,0.09,201000,0.09
2006-12-11,0.09,0.09,0.09,0.09,982000,0.09
2006-12-08,0.10,0.10,0.09,0.09,275000,0.09
2006-12-07,0.10,0.10,0.10,0.10,90000,0.10
2006-12-06,0.10,0.10,0.10,0.10,570000,0.10
2006-12-05,0.10,0.10,0.09,0.10,181000,0.10
2006-12-04,0.10,0.10,0.10,0.10,1259000,0.10
2006-12-01,0.10,0.10,0.10,0.10,833000,0.10
2006-11-30,0.10,0.10,0.10,0.10,1058000,0.10
2006-11-29,0.10,0.10,0.09,0.09,59000,0.09
2006-11-28,0.10,0.10,0.10,0.10,406000,0.10
2006-11-27,0.10,0.10,0.10,0.10,1845000,0.10
2006-11-24,0.10,0.10,0.10,0.10,4672000,0.10
2006-11-23,0.10,0.10,0.09,0.10,1580000,0.10
2006-11-22,0.09,0.10,0.09,0.10,2286000,0.10
2006-11-21,0.09,0.09,0.09,0.09,357000,0.09
2006-11-20,0.09,0.09,0.09,0.09,256000,0.09
2006-11-17,0.09,0.09,0.09,0.09,961000,0.09
2006-11-16,0.09,0.09,0.09,0.09,1010000,0.09
2006-11-15,0.09,0.09,0.09,0.09,1744000,0.09
2006-11-14,0.09,0.09,0.09,0.09,466000,0.09
2006-11-13,0.09,0.09,0.08,0.08,126000,0.08
2006-11-10,0.08,0.09,0.08,0.09,213000,0.09
2006-11-09,0.09,0.09,0.09,0.09,253000,0.09
2006-11-08,0.09,0.09,0.08,0.08,1307000,0.08
2006-11-07,0.09,0.09,0.09,0.09,519000,0.09
2006-11-06,0.09,0.09,0.09,0.09,1411000,0.09
2006-11-03,0.09,0.09,0.09,0.09,5026000,0.09
2006-11-02,0.08,0.09,0.08,0.09,2550000,0.09
2006-11-01,0.08,0.08,0.08,0.08,303000,0.08
2006-10-31,0.08,0.08,0.08,0.08,905000,0.08
2006-10-30,0.07,0.08,0.07,0.07,000,0.07
2006-10-27,0.08,0.08,0.08,0.08,29000,0.08
2006-10-26,0.07,0.08,0.07,0.08,693000,0.08
2006-10-25,0.07,0.08,0.07,0.07,000,0.07
2006-10-24,0.07,0.07,0.07,0.07,000,0.07
2006-10-23,0.07,0.07,0.07,0.07,382000,0.07
2006-10-20,0.07,0.07,0.07,0.07,869000,0.07
2006-10-19,0.06,0.07,0.06,0.06,000,0.06
2006-10-18,0.06,0.07,0.06,0.06,000,0.06
2006-10-17,0.06,0.07,0.06,0.06,000,0.06
2006-10-16,0.07,0.08,0.07,0.07,254000,0.07
2006-10-13,0.06,0.07,0.06,0.06,000,0.06
2006-10-12,0.06,0.07,0.06,0.07,85000,0.07
2006-10-11,0.06,0.07,0.06,0.06,000,0.06
2006-10-10,0.06,0.07,0.06,0.07,35000,0.07
2006-10-09,0.06,0.06,0.06,0.06,488000,0.06
2006-10-06,0.06,0.07,0.06,0.06,000,0.06
2006-10-05,0.06,0.06,0.06,0.06,151000,0.06
2006-10-04,0.06,0.06,0.06,0.06,130000,0.06
2006-10-03,0.06,0.06,0.06,0.06,333000,0.06
2006-10-02,0.06,0.07,0.06,0.06,1175000,0.06
2006-09-29,0.06,0.07,0.06,0.07,35000,0.07
2006-09-28,0.06,0.06,0.06,0.06,155000,0.06
2006-09-27,0.06,0.07,0.06,0.07,11000,0.07
2006-09-26,0.07,0.07,0.07,0.07,420000,0.07
2006-09-25,0.06,0.07,0.06,0.07,346000,0.07
2006-09-22,0.06,0.06,0.06,0.06,200000,0.06
2006-09-21,0.07,0.07,0.06,0.06,164000,0.06
2006-09-20,0.06,0.07,0.06,0.06,000,0.06
2006-09-19,0.07,0.08,0.06,0.06,461000,0.06
2006-09-18,0.06,0.08,0.06,0.06,000,0.06
2006-09-15,0.06,0.08,0.06,0.06,000,0.06
2006-09-14,0.08,0.08,0.08,0.08,10000,0.08
2006-09-13,0.06,0.07,0.06,0.07,11000,0.07
2006-09-12,0.08,0.08,0.08,0.08,10000,0.08
2006-09-11,0.06,0.08,0.06,0.06,000,0.06
2006-09-08,0.06,0.07,0.06,0.06,000,0.06
2006-09-07,0.06,0.07,0.06,0.06,000,0.06
2006-09-06,0.06,0.06,0.06,0.06,10000,0.06
2006-09-05,0.06,0.06,0.06,0.06,54000,0.06
2006-09-04,0.06,0.06,0.06,0.06,176000,0.06
2006-09-01,0.06,0.07,0.06,0.06,000,0.06
2006-08-31,0.06,0.06,0.06,0.06,1000,0.06
2006-08-30,0.06,0.06,0.06,0.06,913000,0.06
2006-08-29,0.06,0.07,0.06,0.06,000,0.06
2006-08-28,0.06,0.07,0.06,0.06,000,0.06
2006-08-25,0.07,0.07,0.07,0.07,20000,0.07
2006-08-24,0.06,0.07,0.06,0.06,000,0.06
2006-08-23,0.06,0.07,0.06,0.07,20000,0.07
2006-08-22,0.07,0.07,0.06,0.06,103000,0.06
2006-08-21,0.07,0.07,0.07,0.07,20000,0.07
2006-08-18,0.08,0.08,0.08,0.08,20000,0.08
2006-08-17,0.08,0.08,0.08,0.08,20000,0.08
2006-08-16,0.07,0.07,0.06,0.07,127000,0.07
2006-08-15,0.06,0.07,0.06,0.07,120000,0.07
2006-08-14,0.07,0.07,0.07,0.07,13000,0.07
2006-08-11,0.06,0.06,0.06,0.06,110000,0.06
2006-08-10,0.07,0.07,0.07,0.07,10000,0.07
2006-08-09,0.06,0.06,0.06,0.06,000,0.06
2006-08-08,0.06,0.08,0.06,0.06,000,0.06
2006-08-07,0.06,0.08,0.06,0.06,000,0.06
2006-08-04,0.06,0.08,0.06,0.06,000,0.06
2006-08-03,0.07,0.07,0.07,0.07,10000,0.07
2006-08-02,0.07,0.07,0.07,0.07,49000,0.07
2006-08-01,0.06,0.08,0.06,0.06,000,0.06
2006-07-31,0.07,0.07,0.07,0.07,40000,0.07
2006-07-28,0.07,0.08,0.07,0.07,000,0.07
2006-07-27,0.07,0.07,0.07,0.07,10000,0.07
2006-07-26,0.06,0.08,0.06,0.06,000,0.06
2006-07-25,0.06,0.07,0.06,0.06,000,0.06
2006-07-24,0.06,0.08,0.06,0.06,000,0.06
2006-07-21,0.07,0.07,0.07,0.07,30000,0.07
2006-07-20,0.06,0.08,0.06,0.06,000,0.06
2006-07-19,0.07,0.07,0.07,0.07,16000,0.07
2006-07-18,0.06,0.06,0.06,0.06,16000,0.06
2006-07-17,0.06,0.07,0.06,0.06,000,0.06
2006-07-14,0.07,0.07,0.06,0.07,66000,0.07
2006-07-13,0.06,0.08,0.06,0.06,000,0.06
2006-07-12,0.07,0.07,0.07,0.07,120000,0.07
2006-07-11,0.07,0.07,0.07,0.07,31000,0.07
2006-07-10,0.08,0.08,0.08,0.08,10000,0.08
2006-07-07,0.06,0.07,0.06,0.06,000,0.06
2006-07-06,0.08,0.08,0.07,0.07,31000,0.07
2006-07-05,0.08,0.08,0.08,0.08,20000,0.08
2006-07-04,0.07,0.07,0.07,0.07,220000,0.07
2006-07-03,0.07,0.07,0.07,0.07,20000,0.07
2006-06-30,0.07,0.07,0.07,0.07,100000,0.07
2006-06-29,0.07,0.07,0.07,0.07,80000,0.07
2006-06-28,0.06,0.07,0.06,0.06,000,0.06
2006-06-27,0.07,0.07,0.07,0.07,120000,0.07
2006-06-26,0.07,0.07,0.07,0.07,130000,0.07
2006-06-23,0.07,0.07,0.07,0.07,430000,0.07
2006-06-22,0.07,0.07,0.07,0.07,30000,0.07
2006-06-21,0.06,0.07,0.06,0.06,000,0.06
2006-06-20,0.06,0.06,0.06,0.06,66000,0.06
2006-06-19,0.06,0.07,0.06,0.06,000,0.06
2006-06-16,0.06,0.07,0.06,0.06,000,0.06
2006-06-15,0.06,0.07,0.06,0.06,000,0.06
2006-06-14,0.06,0.06,0.06,0.06,30000,0.06
2006-06-13,0.06,0.06,0.06,0.06,296000,0.06
2006-06-12,0.06,0.06,0.06,0.06,295000,0.06
2006-06-09,0.06,0.06,0.06,0.06,200000,0.06
2006-06-08,0.06,0.07,0.06,0.06,1165000,0.06
2006-06-07,0.06,0.07,0.06,0.06,000,0.06
2006-06-06,0.06,0.07,0.06,0.06,000,0.06
2006-06-05,0.06,0.07,0.06,0.06,000,0.06
2006-06-02,0.06,0.07,0.06,0.07,230000,0.07
2006-06-01,0.07,0.07,0.07,0.07,240000,0.07
2006-05-31,0.07,0.07,0.07,0.07,150000,0.07
2006-05-30,0.07,0.07,0.07,0.07,554000,0.07
2006-05-29,0.07,0.07,0.07,0.07,100000,0.07
2006-05-26,0.07,0.08,0.07,0.07,000,0.07
2006-05-25,0.07,0.08,0.07,0.07,1818000,0.07
2006-05-24,0.08,0.08,0.07,0.07,154000,0.07
2006-05-23,0.07,0.08,0.07,0.08,361000,0.08
2006-05-22,0.08,0.08,0.07,0.08,2160000,0.08
2006-05-19,0.08,0.08,0.08,0.08,000,0.08
2006-05-18,0.08,0.08,0.08,0.08,2073000,0.08
2006-05-17,0.08,0.08,0.08,0.08,860000,0.08
2006-05-16,0.08,0.08,0.08,0.08,830000,0.08
2006-05-15,0.09,0.09,0.09,0.09,282000,0.09
2006-05-12,0.09,0.09,0.09,0.09,000,0.09
2006-05-11,0.09,0.09,0.09,0.09,228000,0.09
2006-05-10,0.09,0.09,0.09,0.09,80000,0.09
2006-05-09,0.09,0.09,0.09,0.09,351000,0.09
2006-05-08,0.09,0.09,0.09,0.09,327000,0.09
2006-05-05,0.09,0.09,0.09,0.09,849000,0.09
2006-05-04,0.09,0.09,0.09,0.09,257000,0.09
2006-05-03,0.09,0.09,0.09,0.09,771000,0.09
2006-05-02,0.09,0.09,0.09,0.09,409000,0.09
2006-05-01,0.09,0.09,0.09,0.09,000,0.09
2006-04-28,0.09,0.09,0.09,0.09,497000,0.09
2006-04-27,0.09,0.09,0.09,0.09,639000,0.09
2006-04-26,0.09,0.09,0.09,0.09,938000,0.09
2006-04-25,0.09,0.09,0.09,0.09,576000,0.09
2006-04-24,0.10,0.10,0.10,0.10,889000,0.10
2006-04-21,0.11,0.11,0.10,0.10,2136000,0.10
2006-04-20,0.11,0.12,0.10,0.10,2824000,0.10
2006-04-19,0.09,0.11,0.09,0.10,9855000,0.10
2006-04-18,0.09,0.09,0.09,0.09,2536000,0.09
2006-04-17,0.09,0.09,0.09,0.09,4414000,0.09
2006-04-14,0.09,0.09,0.09,0.09,000,0.09
2006-04-13,0.09,0.09,0.09,0.09,500000,0.09
2006-04-12,0.09,0.09,0.09,0.09,315000,0.09
2006-04-11,0.09,0.09,0.09,0.09,1127000,0.09
2006-04-10,0.09,0.09,0.09,0.09,814000,0.09
2006-04-07,0.09,0.09,0.09,0.09,1489000,0.09
2006-04-06,0.09,0.09,0.09,0.09,1724000,0.09
2006-04-05,0.09,0.09,0.09,0.09,2919000,0.09
2006-04-04,0.08,0.08,0.08,0.08,523000,0.08
2006-04-03,0.08,0.08,0.08,0.08,1187000,0.08
2006-03-31,0.08,0.08,0.08,0.08,566000,0.08
2006-03-30,0.08,0.08,0.08,0.08,980000,0.08
2006-03-29,0.08,0.08,0.08,0.08,356000,0.08
2006-03-28,0.08,0.08,0.08,0.08,1193000,0.08
2006-03-27,0.08,0.09,0.08,0.09,3837000,0.09
2006-03-24,0.08,0.09,0.08,0.08,3541000,0.08
2006-03-23,0.08,0.08,0.08,0.08,1154000,0.08
2006-03-22,0.08,0.08,0.07,0.08,974000,0.08
2006-03-21,0.07,0.08,0.07,0.07,000,0.07
2006-03-20,0.08,0.08,0.08,0.08,000,0.08
2006-03-17,0.08,0.08,0.08,0.08,770000,0.08
2006-03-16,0.08,0.08,0.08,0.08,5000,0.08
2006-03-15,0.07,0.07,0.07,0.07,175000,0.07
2006-03-14,0.07,0.08,0.07,0.08,570000,0.08
2006-03-13,0.07,0.08,0.07,0.08,36000,0.08
2006-03-10,0.07,0.07,0.07,0.07,10000,0.07
2006-03-09,0.07,0.08,0.07,0.07,198000,0.07
2006-03-08,0.07,0.07,0.07,0.07,280000,0.07
2006-03-07,0.08,0.08,0.08,0.08,160000,0.08
2006-03-06,0.08,0.08,0.08,0.08,243000,0.08
2006-03-03,0.08,0.08,0.08,0.08,277000,0.08
2006-03-02,0.08,0.08,0.08,0.08,533000,0.08
2006-03-01,0.08,0.08,0.08,0.08,440000,0.08
2006-02-28,0.08,0.08,0.08,0.08,275000,0.08
2006-02-27,0.08,0.08,0.08,0.08,369000,0.08
2006-02-24,0.07,0.08,0.07,0.08,701000,0.08
2006-02-23,0.07,0.08,0.07,0.08,31000,0.08
2006-02-22,0.07,0.08,0.07,0.08,204000,0.08
2006-02-21,0.07,0.08,0.07,0.08,147000,0.08
2006-02-20,0.08,0.08,0.08,0.08,40000,0.08
2006-02-17,0.08,0.08,0.08,0.08,665000,0.08
2006-02-16,0.07,0.08,0.07,0.08,51000,0.08
2006-02-15,0.08,0.08,0.07,0.07,1066000,0.07
2006-02-14,0.07,0.08,0.07,0.08,311000,0.08
2006-02-13,0.08,0.08,0.08,0.08,854000,0.08
2006-02-10,0.08,0.08,0.08,0.08,22000,0.08
2006-02-09,0.08,0.08,0.08,0.08,882000,0.08
2006-02-08,0.09,0.09,0.08,0.09,2402000,0.09
2006-02-07,0.09,0.09,0.08,0.09,4474000,0.09
2006-02-06,0.08,0.08,0.08,0.08,230000,0.08
2006-02-03,0.09,0.09,0.08,0.08,1461000,0.08
2006-02-02,0.08,0.09,0.08,0.08,1574000,0.08
2006-02-01,0.08,0.08,0.07,0.08,268000,0.08
2006-01-31,0.08,0.08,0.08,0.08,000,0.08
2006-01-30,0.08,0.08,0.08,0.08,000,0.08
2006-01-27,0.08,0.08,0.08,0.08,810000,0.08
2006-01-26,0.07,0.08,0.07,0.08,204000,0.08
2006-01-25,0.07,0.07,0.07,0.07,31000,0.07
2006-01-24,0.07,0.08,0.07,0.08,285000,0.08
2006-01-23,0.07,0.08,0.07,0.08,656000,0.08
2006-01-20,0.08,0.08,0.07,0.07,500000,0.07
2006-01-19,0.08,0.08,0.07,0.07,1422000,0.07
2006-01-18,0.08,0.08,0.08,0.08,1196000,0.08
2006-01-17,0.08,0.08,0.08,0.08,181000,0.08
2006-01-16,0.09,0.09,0.08,0.08,1631000,0.08
2006-01-13,0.08,0.09,0.08,0.09,2971000,0.09
2006-01-12,0.09,0.09,0.08,0.08,13513000,0.08
2006-01-11,0.07,0.09,0.07,0.08,3553000,0.08
2006-01-10,0.08,0.08,0.08,0.08,000,0.08
2006-01-09,0.08,0.08,0.08,0.08,1081000,0.08
2006-01-06,0.08,0.08,0.08,0.08,1984000,0.08
2006-01-05,0.08,0.08,0.08,0.08,847000,0.08
2006-01-04,0.08,0.08,0.08,0.08,235000,0.08
2006-01-03,0.07,0.08,0.07,0.08,14000,0.08
2006-01-02,0.06,0.06,0.06,0.06,000,0.06
2005-12-30,0.06,0.08,0.06,0.06,000,0.06
2005-12-29,0.06,0.08,0.06,0.06,000,0.06
2005-12-28,0.06,0.08,0.06,0.06,000,0.06
2005-12-27,0.06,0.08,0.06,0.06,000,0.06
2005-12-26,0.08,0.08,0.08,0.08,000,0.08
2005-12-23,0.07,0.08,0.07,0.08,250000,0.08
2005-12-22,0.07,0.07,0.07,0.07,1000,0.07
2005-12-21,0.07,0.07,0.07,0.07,245000,0.07
2005-12-20,0.07,0.08,0.07,0.08,530000,0.08
2005-12-19,0.07,0.08,0.07,0.07,000,0.07
2005-12-16,0.07,0.08,0.07,0.07,000,0.07
2005-12-15,0.08,0.08,0.08,0.08,125000,0.08
2005-12-14,0.07,0.08,0.07,0.07,000,0.07
2005-12-13,0.08,0.08,0.07,0.08,55000,0.08
2005-12-12,0.07,0.08,0.07,0.07,000,0.07
2005-12-09,0.07,0.08,0.07,0.08,110000,0.08
2005-12-08,0.07,0.08,0.07,0.07,000,0.07
2005-12-07,0.08,0.08,0.07,0.08,97000,0.08
2005-12-06,0.08,0.08,0.08,0.08,100000,0.08
2005-12-05,0.07,0.08,0.07,0.08,2099000,0.08
2005-12-02,0.06,0.07,0.06,0.07,323000,0.07
2005-12-01,0.07,0.07,0.06,0.06,306000,0.06
2005-11-30,0.07,0.07,0.07,0.07,544000,0.07
2005-11-29,0.06,0.07,0.06,0.06,000,0.06
2005-11-28,0.07,0.07,0.07,0.07,50000,0.07
2005-11-25,0.07,0.07,0.07,0.07,288000,0.07
2005-11-24,0.08,0.08,0.07,0.08,843000,0.08
2005-11-23,0.07,0.08,0.07,0.08,638000,0.08
2005-11-22,0.07,0.07,0.07,0.07,60000,0.07
2005-11-21,0.07,0.07,0.07,0.07,601000,0.07
2005-11-18,0.06,0.07,0.06,0.07,533000,0.07
2005-11-17,0.07,0.07,0.07,0.07,236000,0.07
2005-11-16,0.06,0.07,0.06,0.07,636000,0.07
2005-11-15,0.07,0.07,0.06,0.07,232000,0.07
2005-11-14,0.07,0.07,0.07,0.07,484000,0.07
2005-11-11,0.07,0.08,0.06,0.06,975000,0.06
2005-11-10,0.06,0.08,0.06,0.08,340000,0.08
2005-11-09,0.07,0.08,0.07,0.08,187000,0.08
2005-11-08,0.07,0.07,0.07,0.07,195000,0.07
2005-11-07,0.07,0.08,0.06,0.08,330000,0.08
2005-11-04,0.06,0.08,0.06,0.08,1384000,0.08
2005-11-03,0.07,0.07,0.07,0.07,000,0.07
2005-11-02,0.06,0.07,0.06,0.07,650000,0.07
2005-11-01,0.07,0.07,0.07,0.07,000,0.07
2005-10-31,0.06,0.07,0.06,0.07,1195000,0.07
2005-10-28,0.06,0.07,0.06,0.07,342000,0.07
2005-10-27,0.07,0.07,0.06,0.06,850000,0.06
2005-10-26,0.07,0.07,0.07,0.07,251000,0.07
2005-10-25,0.07,0.07,0.06,0.07,1111000,0.07
2005-10-24,0.07,0.07,0.06,0.07,1154000,0.07
2005-10-21,0.06,0.07,0.06,0.07,1815000,0.07
2005-10-20,0.08,0.08,0.07,0.07,2856000,0.07
2005-10-19,0.08,0.08,0.08,0.08,506000,0.08
2005-10-18,0.09,0.09,0.08,0.08,1368000,0.08
2005-10-17,0.09,0.09,0.08,0.09,708000,0.09
2005-10-14,0.09,0.09,0.09,0.09,594000,0.09
2005-10-13,0.09,0.09,0.09,0.09,1990000,0.09
2005-10-12,0.09,0.09,0.09,0.09,691000,0.09
2005-10-11,0.09,0.09,0.09,0.09,1111000,0.09
2005-10-10,0.09,0.09,0.09,0.09,510000,0.09
2005-10-07,0.09,0.09,0.09,0.09,686000,0.09
2005-10-06,0.09,0.09,0.09,0.09,1811000,0.09
2005-10-05,0.09,0.09,0.09,0.09,630000,0.09
2005-10-04,0.09,0.09,0.09,0.09,1370000,0.09
2005-10-03,0.09,0.09,0.09,0.09,471000,0.09
2005-09-30,0.09,0.09,0.09,0.09,1180000,0.09
2005-09-29,0.09,0.09,0.09,0.09,1902000,0.09
2005-09-28,0.09,0.09,0.09,0.09,751000,0.09
2005-09-27,0.09,0.09,0.09,0.09,970000,0.09
2005-09-26,0.09,0.09,0.09,0.09,387000,0.09
2005-09-23,0.09,0.09,0.09,0.09,780000,0.09
2005-09-22,0.09,0.09,0.09,0.09,2929000,0.09
2005-09-21,0.09,0.09,0.09,0.09,688000,0.09
2005-09-20,0.09,0.09,0.09,0.09,1603000,0.09
2005-09-19,0.10,0.10,0.09,0.09,1324000,0.09
2005-09-16,0.09,0.10,0.09,0.09,10548000,0.09
2005-09-15,0.09,0.09,0.09,0.09,2675000,0.09
2005-09-14,0.09,0.09,0.09,0.09,1110000,0.09
2005-09-13,0.09,0.09,0.09,0.09,1511000,0.09
2005-09-12,0.09,0.09,0.09,0.09,1284000,0.09
2005-09-09,0.09,0.09,0.09,0.09,155000,0.09
2005-09-08,0.09,0.09,0.09,0.09,1740000,0.09
2005-09-07,0.09,0.09,0.09,0.09,1146000,0.09
2005-09-06,0.09,0.09,0.09,0.09,1415000,0.09
2005-09-05,0.09,0.09,0.09,0.09,1475000,0.09
2005-09-02,0.09,0.09,0.09,0.09,1235000,0.09
2005-09-01,0.09,0.09,0.09,0.09,1798000,0.09
2005-08-31,0.09,0.09,0.09,0.09,2013000,0.09
2005-08-30,0.09,0.09,0.09,0.09,2023000,0.09
2005-08-29,0.09,0.09,0.09,0.09,1764000,0.09
2005-08-26,0.09,0.09,0.09,0.09,1277000,0.09
2005-08-25,0.09,0.09,0.09,0.09,3132000,0.09
2005-08-24,0.09,0.09,0.09,0.09,2590000,0.09
2005-08-23,0.09,0.09,0.09,0.09,3034000,0.09
2005-08-22,0.10,0.10,0.09,0.09,4113000,0.09
2005-08-19,0.10,0.10,0.10,0.10,1576000,0.10
2005-08-18,0.10,0.10,0.10,0.10,2840000,0.10
2005-08-17,0.10,0.10,0.10,0.10,2120000,0.10
2005-08-16,0.10,0.10,0.10,0.10,3590000,0.10
2005-08-15,0.10,0.11,0.10,0.11,1176000,0.11
2005-08-12,0.11,0.12,0.10,0.11,1317000,0.11
2005-08-11,0.10,0.12,0.10,0.11,2298000,0.11
2005-08-10,0.11,0.11,0.10,0.11,3484000,0.11
2005-08-09,0.11,0.11,0.11,0.11,000,0.11
2005-08-08,0.11,0.12,0.10,0.11,2335000,0.11
2005-08-05,0.10,0.12,0.10,0.12,3307000,0.12
2005-08-04,0.11,0.12,0.11,0.11,3204000,0.11
2005-08-03,0.12,0.12,0.11,0.12,4146000,0.12
2005-08-02,0.12,0.12,0.12,0.12,1993000,0.12
2005-08-01,0.12,0.12,0.12,0.12,3065000,0.12
2005-07-29,0.12,0.12,0.11,0.12,1661000,0.12
2005-07-28,0.12,0.12,0.12,0.12,1761000,0.12
2005-07-27,0.12,0.12,0.12,0.12,1454000,0.12
2005-07-26,0.12,0.12,0.12,0.12,1760000,0.12
2005-07-25,0.12,0.12,0.11,0.12,2675000,0.12
2005-07-22,0.12,0.12,0.12,0.12,2435000,0.12
2005-07-21,0.12,0.12,0.12,0.12,2107000,0.12
2005-07-20,0.12,0.12,0.12,0.12,2966000,0.12
2005-07-19,0.12,0.12,0.12,0.12,1740000,0.12
2005-07-18,0.12,0.12,0.12,0.12,2796000,0.12
2005-07-15,0.12,0.13,0.12,0.12,6997000,0.12
2005-07-14,0.12,0.12,0.12,0.12,3451000,0.12
2005-07-13,0.12,0.12,0.12,0.12,2792000,0.12
2005-07-12,0.12,0.12,0.12,0.12,4011000,0.12
2005-07-11,0.12,0.13,0.11,0.12,7225000,0.12
2005-07-08,0.14,0.14,0.12,0.12,7506000,0.12
2005-07-07,0.14,0.14,0.14,0.14,646000,0.14
2005-07-06,0.14,0.14,0.14,0.14,1908000,0.14
2005-07-05,0.14,0.14,0.14,0.14,1890000,0.14
2005-07-04,0.15,0.15,0.14,0.14,4209000,0.14
2005-07-01,0.16,0.16,0.16,0.16,720000,0.16
2005-06-30,0.16,0.16,0.16,0.16,911000,0.16
2005-06-29,0.16,0.16,0.15,0.16,1060000,0.16
2005-06-28,0.15,0.16,0.15,0.16,1480000,0.16
2005-06-27,0.16,0.16,0.16,0.16,1557000,0.16
2005-06-24,0.16,0.16,0.16,0.16,860000,0.16
2005-06-23,0.15,0.16,0.15,0.16,850000,0.16
2005-06-22,0.16,0.16,0.16,0.16,946000,0.16
2005-06-21,0.16,0.16,0.16,0.16,1414000,0.16
2005-06-20,0.16,0.16,0.15,0.16,1578000,0.16
2005-06-17,0.16,0.16,0.16,0.16,1441000,0.16
2005-06-16,0.16,0.16,0.16,0.16,860000,0.16
2005-06-15,0.16,0.16,0.16,0.16,2517000,0.16
2005-06-14,0.16,0.16,0.16,0.16,862000,0.16
2005-06-13,0.16,0.16,0.16,0.16,1590000,0.16
2005-06-10,0.16,0.16,0.16,0.16,3805000,0.16
2005-06-09,0.15,0.16,0.15,0.16,1466000,0.16
2005-06-08,0.14,0.15,0.14,0.15,2218000,0.15
2005-06-07,0.14,0.14,0.14,0.14,1521000,0.14
2005-06-06,0.14,0.14,0.14,0.14,2435000,0.14
2005-06-03,0.15,0.15,0.14,0.14,2733000,0.14
2005-06-02,0.14,0.15,0.14,0.14,000,0.14
2005-06-01,0.14,0.15,0.14,0.15,1480000,0.15
2005-05-31,0.15,0.15,0.15,0.15,790000,0.15
2005-05-30,0.14,0.15,0.14,0.15,2078000,0.15
2005-05-27,0.15,0.15,0.14,0.14,1615000,0.14
2005-05-26,0.14,0.14,0.14,0.14,1000,0.14
2005-05-25,0.15,0.16,0.15,0.16,2100000,0.16
2005-05-24,0.16,0.16,0.16,0.16,1314000,0.16
2005-05-23,0.16,0.16,0.16,0.16,000,0.16
2005-05-20,0.16,0.16,0.16,0.16,1319000,0.16
2005-05-19,0.16,0.16,0.15,0.16,1926000,0.16
2005-05-18,0.16,0.16,0.16,0.16,41000,0.16
2005-05-17,0.16,0.16,0.16,0.16,856000,0.16
2005-05-16,0.16,0.17,0.16,0.16,1512000,0.16
2005-05-13,0.16,0.16,0.16,0.16,1828000,0.16
2005-05-12,0.17,0.17,0.17,0.17,1628000,0.17
2005-05-11,0.16,0.17,0.16,0.17,11000,0.17
2005-05-10,0.17,0.17,0.17,0.17,1346000,0.17
2005-05-09,0.17,0.17,0.17,0.17,1393000,0.17
2005-05-06,0.17,0.17,0.17,0.17,1438000,0.17
2005-05-05,0.17,0.17,0.17,0.17,1332000,0.17
2005-05-04,0.16,0.17,0.16,0.17,345000,0.17
2005-05-03,0.17,0.17,0.17,0.17,960000,0.17
2005-05-02,0.17,0.17,0.17,0.17,000,0.17
2005-04-29,0.17,0.17,0.17,0.17,1235000,0.17
2005-04-28,0.17,0.17,0.17,0.17,1263000,0.17
2005-04-27,0.17,0.17,0.16,0.17,2061000,0.17
2005-04-26,0.17,0.17,0.17,0.17,141000,0.17
2005-04-25,0.17,0.17,0.17,0.17,842000,0.17
2005-04-22,0.17,0.17,0.17,0.17,1448000,0.17
2005-04-21,0.17,0.17,0.16,0.17,2610000,0.17
2005-04-20,0.17,0.17,0.16,0.17,2755000,0.17
2005-04-19,0.17,0.17,0.17,0.17,247000,0.17
2005-04-18,0.17,0.17,0.17,0.17,1448000,0.17
2005-04-15,0.18,0.18,0.17,0.17,1942000,0.17
2005-04-14,0.18,0.19,0.18,0.19,1870000,0.19
2005-04-13,0.18,0.19,0.18,0.19,1997000,0.19
2005-04-12,0.18,0.19,0.18,0.18,2169000,0.18
2005-04-11,0.18,0.18,0.17,0.18,1122000,0.18
2005-04-08,0.17,0.18,0.17,0.18,1591000,0.18
2005-04-07,0.17,0.17,0.17,0.17,1808000,0.17
2005-04-06,0.17,0.17,0.17,0.17,2087000,0.17
2005-04-05,0.17,0.17,0.17,0.17,654000,0.17
2005-04-04,0.17,0.17,0.17,0.17,830000,0.17
2005-04-01,0.17,0.17,0.17,0.17,1598000,0.17
2005-03-31,0.17,0.17,0.17,0.17,1150000,0.17
2005-03-30,0.17,0.17,0.17,0.17,1690000,0.17
2005-03-29,0.17,0.17,0.17,0.17,407000,0.17
2005-03-28,0.17,0.17,0.17,0.17,1332000,0.17
2005-03-25,0.17,0.17,0.17,0.17,000,0.17
2005-03-24,0.17,0.17,0.17,0.17,1082000,0.17
2005-03-23,0.17,0.17,0.17,0.17,1843000,0.17
2005-03-22,0.17,0.17,0.17,0.17,1922000,0.17
2005-03-21,0.17,0.17,0.17,0.17,269000,0.17
2005-03-18,0.17,0.17,0.17,0.17,1217000,0.17
2005-03-17,0.17,0.17,0.17,0.17,1079000,0.17
2005-03-16,0.17,0.17,0.17,0.17,1114000,0.17
2005-03-15,0.17,0.17,0.17,0.17,2398000,0.17
2005-03-14,0.17,0.17,0.17,0.17,1370000,0.17
2005-03-11,0.17,0.17,0.17,0.17,446000,0.17
2005-03-10,0.17,0.17,0.17,0.17,939000,0.17
2005-03-09,0.17,0.17,0.17,0.17,975000,0.17
2005-03-08,0.17,0.19,0.17,0.18,3544000,0.18
2005-03-07,0.17,0.17,0.17,0.17,1555000,0.17
2005-03-04,0.17,0.17,0.17,0.17,408000,0.17
2005-03-03,0.17,0.17,0.17,0.17,1415000,0.17
2005-03-02,0.17,0.17,0.17,0.17,1474000,0.17
2005-03-01,0.17,0.17,0.17,0.17,2285000,0.17
2005-02-28,0.17,0.17,0.17,0.17,1666000,0.17
2005-02-25,0.17,0.17,0.17,0.17,250000,0.17
2005-02-24,0.17,0.18,0.17,0.17,2229000,0.17
2005-02-23,0.18,0.18,0.17,0.17,2012000,0.17
2005-02-22,0.19,0.19,0.18,0.18,3596000,0.18
2005-02-21,0.19,0.20,0.19,0.19,3745000,0.19
2005-02-18,0.18,0.19,0.18,0.19,146000,0.19
2005-02-17,0.19,0.19,0.19,0.19,2476000,0.19
2005-02-16,0.19,0.19,0.19,0.19,2078000,0.19
2005-02-15,0.19,0.19,0.18,0.19,1797000,0.19
2005-02-14,0.19,0.19,0.19,0.19,976000,0.19
2005-02-11,0.19,0.19,0.19,0.19,790000,0.19
2005-02-10,0.19,0.19,0.19,0.19,000,0.19
2005-02-09,0.19,0.19,0.19,0.19,000,0.19
2005-02-08,0.19,0.19,0.19,0.19,960000,0.19
2005-02-07,0.19,0.19,0.19,0.19,1370000,0.19
2005-02-04,0.19,0.19,0.19,0.19,1067000,0.19
2005-02-03,0.19,0.19,0.19,0.19,1406000,0.19
2005-02-02,0.18,0.19,0.18,0.19,586000,0.19
2005-02-01,0.19,0.19,0.18,0.18,1400000,0.18
2005-01-31,0.19,0.19,0.19,0.19,1264000,0.19
2005-01-28,0.19,0.19,0.18,0.19,1705000,0.19
2005-01-27,0.19,0.19,0.18,0.18,1926000,0.18
2005-01-26,0.19,0.19,0.19,0.19,765000,0.19
2005-01-25,0.19,0.19,0.19,0.19,2347000,0.19
2005-01-24,0.21,0.21,0.20,0.20,1385000,0.20
2005-01-21,0.21,0.21,0.21,0.21,000,0.21
2005-01-20,0.21,0.21,0.20,0.21,2341000,0.21
2005-01-19,0.22,0.22,0.20,0.21,3902000,0.21
2005-01-18,0.22,0.22,0.21,0.21,780000,0.21
2005-01-17,0.22,0.22,0.22,0.22,3589000,0.22
2005-01-14,0.21,0.22,0.21,0.22,5911000,0.22
2005-01-13,0.20,0.22,0.20,0.21,6022000,0.21
2005-01-12,0.20,0.20,0.20,0.20,3216000,0.20
2005-01-11,0.20,0.20,0.19,0.20,1997000,0.20
2005-01-10,0.20,0.20,0.20,0.20,769000,0.20
2005-01-07,0.20,0.20,0.19,0.20,2595000,0.20
2005-01-06,0.19,0.19,0.19,0.19,1924000,0.19
2005-01-05,0.19,0.19,0.19,0.19,1345000,0.19
2005-01-04,0.20,0.20,0.19,0.19,1250000,0.19
2005-01-03,0.19,0.21,0.19,0.20,6043000,0.20
2004-12-31,0.19,0.19,0.19,0.19,333000,0.19
2004-12-30,0.19,0.20,0.19,0.19,1226000,0.19
2004-12-29,0.19,0.21,0.19,0.20,7665000,0.20
2004-12-28,0.19,0.19,0.19,0.19,1315000,0.19
2004-12-27,0.19,0.19,0.19,0.19,2719000,0.19
2004-12-24,0.18,0.19,0.18,0.19,286000,0.19
2004-12-23,0.19,0.19,0.18,0.18,2296000,0.18
2004-12-22,0.17,0.20,0.17,0.19,7660000,0.19
2004-12-21,0.16,0.17,0.16,0.17,1835000,0.17
2004-12-20,0.16,0.16,0.16,0.16,1886000,0.16
2004-12-17,0.16,0.16,0.16,0.16,229000,0.16
2004-12-16,0.16,0.16,0.16,0.16,1710000,0.16
2004-12-15,0.16,0.16,0.16,0.16,2318000,0.16
2004-12-14,0.16,0.17,0.16,0.17,2965000,0.17
2004-12-13,0.17,0.17,0.16,0.16,2504000,0.16
2004-12-10,0.17,0.17,0.17,0.17,917000,0.17
2004-12-09,0.17,0.17,0.17,0.17,2046000,0.17
2004-12-08,0.18,0.18,0.17,0.17,2900000,0.17
2004-12-07,0.19,0.19,0.18,0.18,1792000,0.18
2004-12-06,0.19,0.19,0.19,0.19,2819000,0.19
2004-12-03,0.19,0.19,0.18,0.19,1505000,0.19
2004-12-02,0.19,0.19,0.18,0.19,2903000,0.19
2004-12-01,0.19,0.19,0.18,0.18,5761000,0.18
2004-11-30,0.21,0.21,0.19,0.19,2378000,0.19
2004-11-29,0.21,0.22,0.20,0.22,1095000,0.22
2004-11-26,0.22,0.22,0.21,0.21,815000,0.21
2004-11-25,0.22,0.22,0.22,0.22,2126000,0.22
2004-11-24,0.22,0.23,0.22,0.23,6179000,0.23
2004-11-23,0.21,0.22,0.21,0.22,1346000,0.22
2004-11-22,0.21,0.22,0.21,0.22,776000,0.22
2004-11-19,0.21,0.22,0.21,0.22,721000,0.22
2004-11-18,0.21,0.22,0.21,0.22,3232000,0.22
2004-11-17,0.20,0.21,0.20,0.21,2309000,0.21
2004-11-16,0.20,0.20,0.20,0.20,1552000,0.20
2004-11-15,0.20,0.20,0.20,0.20,000,0.20
2004-11-12,0.20,0.20,0.20,0.20,1250000,0.20
2004-11-11,0.20,0.20,0.20,0.20,000,0.20
2004-11-10,0.21,0.21,0.20,0.20,509000,0.20
2004-11-09,0.21,0.21,0.20,0.21,2570000,0.21
2004-11-08,0.22,0.22,0.20,0.20,3217000,0.20
2004-11-05,0.23,0.23,0.22,0.22,1832000,0.22
2004-11-04,0.23,0.23,0.22,0.22,2938000,0.22
2004-11-03,0.23,0.24,0.23,0.23,1089000,0.23
2004-11-02,0.24,0.24,0.23,0.23,3554000,0.23
2004-11-01,0.25,0.25,0.24,0.24,2760000,0.24
2004-10-29,0.25,0.25,0.24,0.25,2517000,0.25
2004-10-28,0.25,0.25,0.25,0.25,3838000,0.25
2004-10-27,0.25,0.25,0.24,0.24,485000,0.24
2004-10-26,0.25,0.25,0.24,0.25,2794000,0.25
2004-10-25,0.25,0.25,0.25,0.25,1308000,0.25
2004-10-22,0.25,0.25,0.25,0.25,1055000,0.25
2004-10-21,0.25,0.25,0.25,0.25,2096000,0.25
2004-10-20,0.25,0.25,0.24,0.25,2632000,0.25
2004-10-19,0.25,0.26,0.25,0.25,2772000,0.25
2004-10-18,0.26,0.26,0.25,0.26,3784000,0.26
2004-10-15,0.26,0.26,0.26,0.26,1485000,0.26
2004-10-14,0.27,0.27,0.26,0.26,2005000,0.26
2004-10-13,0.27,0.28,0.26,0.28,3866000,0.28
2004-10-12,0.28,0.28,0.26,0.26,4488000,0.26
2004-10-11,0.27,0.28,0.27,0.28,7816000,0.28
2004-10-08,0.27,0.27,0.27,0.27,2150000,0.27
2004-10-07,0.26,0.28,0.26,0.27,8947000,0.27
2004-10-06,0.26,0.26,0.26,0.26,802000,0.26
2004-10-05,0.26,0.26,0.26,0.26,2676000,0.26
2004-10-04,0.26,0.26,0.26,0.26,2724000,0.26
2004-10-01,0.26,0.26,0.26,0.26,3278000,0.26
2004-09-30,0.26,0.27,0.26,0.27,2788000,0.27
2004-09-29,0.27,0.27,0.26,0.26,2187000,0.26
2004-09-28,0.26,0.27,0.26,0.27,2170000,0.27
2004-09-27,0.28,0.28,0.27,0.27,2384000,0.27
2004-09-24,0.27,0.28,0.26,0.28,3909000,0.28
2004-09-23,0.27,0.27,0.27,0.27,2253000,0.27
2004-09-22,0.27,0.27,0.26,0.27,2564000,0.27
2004-09-21,0.26,0.27,0.26,0.27,3187000,0.27
2004-09-20,0.28,0.28,0.26,0.27,2274000,0.27
2004-09-17,0.28,0.28,0.28,0.28,2332000,0.28
2004-09-16,0.27,0.28,0.27,0.28,1872000,0.28
2004-09-15,0.28,0.28,0.27,0.28,2868000,0.28
2004-09-14,0.28,0.28,0.28,0.28,3728000,0.28
2004-09-13,0.28,0.28,0.28,0.28,13213000,0.28
2004-09-10,0.28,0.28,0.28,0.28,2868000,0.28
2004-09-09,0.28,0.28,0.27,0.28,1396000,0.28
2004-09-08,0.28,0.28,0.28,0.28,6087000,0.28
2004-09-07,0.27,0.28,0.27,0.28,4992000,0.28
2004-09-06,0.27,0.28,0.26,0.26,3070000,0.26
2004-09-03,0.28,0.28,0.26,0.27,2948000,0.27
2004-09-02,0.28,0.28,0.28,0.28,2535000,0.28
2004-09-01,0.28,0.29,0.28,0.28,1502000,0.28
2004-08-31,0.28,0.28,0.28,0.28,4290000,0.28
2004-08-30,0.28,0.30,0.28,0.28,18177000,0.28
2004-08-27,0.27,0.28,0.27,0.28,4303000,0.28
2004-08-26,0.28,0.28,0.27,0.27,3817000,0.27
2004-08-25,0.29,0.29,0.28,0.28,5648000,0.28
2004-08-24,0.28,0.29,0.27,0.29,12359000,0.29
2004-08-23,0.27,0.28,0.27,0.28,2544000,0.28
2004-08-20,0.26,0.28,0.25,0.26,14246000,0.26
2004-08-19,0.26,0.27,0.26,0.26,6348000,0.26
2004-08-18,0.22,0.25,0.22,0.25,11043000,0.25
2004-08-17,0.23,0.23,0.22,0.22,4817000,0.22
2004-08-16,0.25,0.25,0.22,0.22,3380000,0.22
2004-08-13,0.25,0.26,0.23,0.25,6798000,0.25
2004-08-12,0.25,0.26,0.25,0.25,4263000,0.25
2004-08-11,0.29,0.29,0.25,0.25,14159000,0.25
2004-08-10,0.31,0.31,0.28,0.29,18167000,0.29
2004-08-09,0.31,0.31,0.31,0.31,000,0.31
2004-08-06,0.31,0.32,0.31,0.31,9222000,0.31
2004-08-05,0.32,0.33,0.31,0.32,5839000,0.32
2004-08-04,0.32,0.33,0.32,0.32,3794000,0.32
2004-08-03,0.32,0.34,0.31,0.32,16440000,0.32
2004-08-02,0.33,0.34,0.32,0.32,12985000,0.32
2004-07-30,0.32,0.34,0.32,0.34,41132000,0.34
2004-07-29,0.31,0.32,0.31,0.32,18738000,0.32
2004-07-28,0.31,0.32,0.31,0.31,13738000,0.31
2004-07-27,0.31,0.31,0.31,0.31,3601000,0.31
2004-07-26,0.32,0.32,0.31,0.32,15670000,0.32
2004-07-23,0.32,0.34,0.31,0.33,105954000,0.33
